CTS,,,,,,,,,,
Test Date,ABI,Module,Test,result,Detail,desc,F/W ver,TestTool ver,SecurityPatch,SDK ver
2025-05-07,arm64-v8a,CtsLibcoreTestCases,libcore.java.text.DateFormatTest#testFormat_forBug266731719,pass,"junit.framework.ComparisonFailure: expected:&lt;Jan 1, 2023 [9:55:48 PM]&gt; but was:&lt;Jan 1, 2023 [21:55:48]&gt;",retry >> PASS,204_A,14_r7 / 13033356,2025-03-01,1.2.0
2025-05-07,arm64-v8a,CtsLibcoreTestCases,libcore.java.text.DateFormatTest#testParse_lenient_en,pass,junit.framework.AssertionFailedError: expected:&lt;1672610148000&gt; but was:&lt;1672566948000&gt;,retry >> PASS,204_A,14_r7 / 13033356,2025-03-01,1.2.0
2025-05-07,armeabi-v7a,CtsLibcoreTestCases,libcore.java.text.DateFormatTest#testFormat_forBug266731719,pass,"junit.framework.ComparisonFailure: expected:&lt;Jan 1, 2023 [9:55:48 PM]&gt; but was:&lt;Jan 1, 2023 [21:55:48]&gt;",retry >> PASS,204_A,14_r7 / 13033356,2025-03-01,1.2.0
2025-05-07,armeabi-v7a,CtsLibcoreTestCases,libcore.java.text.DateFormatTest#testParse_lenient_en,pass,junit.framework.AssertionFailedError: expected:&lt;1672610148000&gt; but was:&lt;1672566948000&gt;,retry >> PASS,204_A,14_r7 / 13033356,2025-03-01,1.2.0
2025-05-07,arm64-v8a,CtsAppTestCases,android.app.cts.ActivityManagerFgsBgStartTest#testVisibleActivityGracePeriod,pass,junit.framework.AssertionFailedError: Service should not enter foreground service state,,204_A,14_r7 / 13033356,2025-03-01,1.2.0
2025-05-07,arm64-v8a,CtsAppTestCases[instant],android.app.cts.ActivityManagerFgsBgStartTest#testVisibleActivityGracePeriod,pass,junit.framework.AssertionFailedError: Service should not enter foreground service state,,204_A,14_r7 / 13033356,2025-03-01,1.2.0
2025-05-07,arm64-v8a,CtsGraphicsTestCases,android.graphics.drawable.cts.RippleDrawableTest#testWindowFocusChanged,pass,android.util.AndroidRuntimeException: Animators may only be run on Looper threads,false > true ,204_A,14_r7 / 13033356,2025-03-01,1.2.0
2025-05-07,armeabi-v7a,CtsGraphicsTestCases,android.graphics.drawable.cts.RippleDrawableTest#testWindowFocusChanged,pass,android.util.AndroidRuntimeException: Animators may only be run on Looper threads,false > true ,204_A,14_r7 / 13033356,2025-03-01,1.2.0
2025-05-07,arm64-v8a,CtsHdmiCecHostTestCases,android.hdmicec.cts.common.HdmiCecStartupTest#cectVerifyStartupMessages_Cec14b,pass,Unexpected messages sent by the device,export cec setting all OFF >> PASS ,204_A,14_r7 / 13033356,2025-03-01,1.2.0
2025-05-07,arm64-v8a,CtsHdmiCecHostTestCases,android.hdmicec.cts.common.HdmiCecSystemInformationTest#cectGiveCecVersionInStandby,pass,java.lang.Exception: Power status did not change to expected state.,retry >> PASS,204_A,14_r7 / 13033356,2025-03-01,1.2.0
2025-05-07,arm64-v8a,CtsHdmiCecHostTestCases,android.hdmicec.cts.common.HdmiCecSystemStandbyTest#cect_HandleBroadcastStandby,pass,"MultipleFailureException, There were 2 errors:","retry >> PASS, stay awake OFF >> retry >> PASS",204_A,14_r7 / 13033356,2025-03-01,1.2.0
2025-05-07,arm64-v8a,CtsHdmiCecHostTestCases,android.hdmicec.cts.common.HdmiCecSystemStandbyTest#cect_HandleAddressedStandby,pass,"MultipleFailureException, There were 2 errors:",retry >> PASS,204_A,14_r7 / 13033356,2025-03-01,1.2.0
2025-05-07,arm64-v8a,CtsHdmiCecHostTestCases,android.hdmicec.cts.playback.HdmiCecPowerStatusTest#cect_hf4_6_7_setStreamPath_powerOn,pass,android.hdmicec.cts.error.CecClientWrapperException: Could not find CEC message REPORT_POWER_STATUS,retry >> PASS,204_A,14_r7 / 13033356,2025-03-01,1.2.0
2025-05-07,arm64-v8a,CtsHdmiCecHostTestCases,android.hdmicec.cts.playback.HdmiCecRemoteControlPassThroughTest#cect_sendVolumeKeyPressToTv,pass,android.hdmicec.cts.error.CecClientWrapperException: Could not find CEC message GIVE_POWER_STATUS,cec export setting >> volume control option ON >> PASS,204_A,14_r7 / 13033356,2025-03-01,1.2.0
2025-05-07,arm64-v8a,CtsMediaV2TestCases,android.mediav2.cts.CodecDecoderPauseTest#testPause[1_c2.syna.video_decoder.avc_video/avc],pass,java.lang.AssertionError: Output timestamps are not strictly increasing,synap patch >> PASS,204_A,14_r7 / 13033356,2025-03-01,1.2.0
2025-05-07,armeabi-v7a,CtsMediaV2TestCases,android.mediav2.cts.CodecDecoderPauseTest#testPause[1_c2.syna.video_decoder.avc_video/avc],pass,java.lang.AssertionError: Output timestamps are not strictly increasing,synap patch >> PASS,204_A,14_r7 / 13033356,2025-03-01,1.2.0
2025-05-07,arm64-v8a,CtsSecurityTestCases,android.security.cts.PackageSignatureTest#testPackageSignatures,pass,"junit.framework.AssertionFailedError: These packages should not be signed with a well known key: [android.media.audio.app, android.media.router.cts.provider_self_scan_only, android.media.router.cts.provider1, com.google.wireless.android.media.videoquality.app, android.media.router.cts.provider2, com.android.server.cts.device.statsdalarmhelper2, android.media.router.cts.provider3, android.cts.backup.fullbackupapp, android.media.router.cts]",factory reset >> PASS,204_A,14_r7 / 13033356,2025-03-01,1.2.0
2025-05-07,arm64-v8a,CtsTvTestCases,android.media.tv.tuner.cts.TunerFilterTest#testMmtpFilterConfiguration,pass,"java.lang.UnsatisfiedLinkError: No implementation found for void android.media.tv.tuner.Tuner.nativeSetup() (tried Java_android_media_tv_tuner_Tuner_nativeSetup and Java_android_media_tv_tuner_Tuner_nativeSetup__) - is the library loaded, e.g. System.loadLibrary?",device spec - tv tuner option delete patch >> PASS,204_A,14_r7 / 13033356,2025-03-01,1.2.0
2025-05-07,arm64-v8a,CtsTvTestCases,android.media.tv.tuner.cts.TunerFilterTest#testSectionSettingsWithTableInfo,pass,"java.lang.UnsatisfiedLinkError: No implementation found for void android.media.tv.tuner.Tuner.nativeSetup() (tried Java_android_media_tv_tuner_Tuner_nativeSetup and Java_android_media_tv_tuner_Tuner_nativeSetup__) - is the library loaded, e.g. System.loadLibrary?",device spec - tv tuner option delete patch >> PASS,204_A,14_r7 / 13033356,2025-03-01,1.2.0
2025-05-07,arm64-v8a,CtsTvTestCases,android.media.tv.tuner.cts.TunerFilterTest#testMMtpSectionSettingsWithTableInfo,pass,"java.lang.UnsatisfiedLinkError: No implementation found for void android.media.tv.tuner.Tuner.nativeSetup() (tried Java_android_media_tv_tuner_Tuner_nativeSetup and Java_android_media_tv_tuner_Tuner_nativeSetup__) - is the library loaded, e.g. System.loadLibrary?",device spec - tv tuner option delete patch >> PASS,204_A,14_r7 / 13033356,2025-03-01,1.2.0
2025-05-07,arm64-v8a,CtsTvTestCases,android.media.tv.tuner.cts.TunerFilterTest#testMmtpSectionSettingsWithSectionBits,pass,"java.lang.UnsatisfiedLinkError: No implementation found for void android.media.tv.tuner.Tuner.nativeSetup() (tried Java_android_media_tv_tuner_Tuner_nativeSetup and Java_android_media_tv_tuner_Tuner_nativeSetup__) - is the library loaded, e.g. System.loadLibrary?",device spec - tv tuner option delete patch >> PASS,204_A,14_r7 / 13033356,2025-03-01,1.2.0
2025-05-07,arm64-v8a,CtsTvTestCases,android.media.tv.tuner.cts.TunerFilterTest#testSectionSettingsWithSectionBits,pass,"java.lang.UnsatisfiedLinkError: No implementation found for void android.media.tv.tuner.Tuner.nativeSetup() (tried Java_android_media_tv_tuner_Tuner_nativeSetup and Java_android_media_tv_tuner_Tuner_nativeSetup__) - is the library loaded, e.g. System.loadLibrary?",device spec - tv tuner option delete patch >> PASS,204_A,14_r7 / 13033356,2025-03-01,1.2.0
2025-05-07,arm64-v8a,CtsTvTestCases,android.media.tv.tuner.cts.TunerFilterTest#testIpFilterConfiguration,pass,"java.lang.UnsatisfiedLinkError: No implementation found for void android.media.tv.tuner.Tuner.nativeSetup() (tried Java_android_media_tv_tuner_Tuner_nativeSetup and Java_android_media_tv_tuner_Tuner_nativeSetup__) - is the library loaded, e.g. System.loadLibrary?",device spec - tv tuner option delete patch >> PASS,204_A,14_r7 / 13033356,2025-03-01,1.2.0
2025-05-07,arm64-v8a,CtsTvTestCases,android.media.tv.tuner.cts.TunerFilterTest#testPesSettings,pass,"java.lang.UnsatisfiedLinkError: No implementation found for void android.media.tv.tuner.Tuner.nativeSetup() (tried Java_android_media_tv_tuner_Tuner_nativeSetup and Java_android_media_tv_tuner_Tuner_nativeSetup__) - is the library loaded, e.g. System.loadLibrary?",device spec - tv tuner option delete patch >> PASS,204_A,14_r7 / 13033356,2025-03-01,1.2.0
2025-05-07,arm64-v8a,CtsTvTestCases,android.media.tv.tuner.cts.TunerFilterTest#testAlpFilterConfiguration,pass,"java.lang.UnsatisfiedLinkError: No implementation found for void android.media.tv.tuner.Tuner.nativeSetup() (tried Java_android_media_tv_tuner_Tuner_nativeSetup and Java_android_media_tv_tuner_Tuner_nativeSetup__) - is the library loaded, e.g. System.loadLibrary?",device spec - tv tuner option delete patch >> PASS,204_A,14_r7 / 13033356,2025-03-01,1.2.0
2025-05-07,arm64-v8a,CtsTvTestCases,android.media.tv.tuner.cts.TunerFilterTest#testTlvFilterConfiguration,pass,"java.lang.UnsatisfiedLinkError: No implementation found for void android.media.tv.tuner.Tuner.nativeSetup() (tried Java_android_media_tv_tuner_Tuner_nativeSetup and Java_android_media_tv_tuner_Tuner_nativeSetup__) - is the library loaded, e.g. System.loadLibrary?",device spec - tv tuner option delete patch >> PASS,204_A,14_r7 / 13033356,2025-03-01,1.2.0
2025-05-07,arm64-v8a,CtsTvTestCases,android.media.tv.tuner.cts.TunerFilterTest#testRecordSettings,pass,"java.lang.UnsatisfiedLinkError: No implementation found for void android.media.tv.tuner.Tuner.nativeSetup() (tried Java_android_media_tv_tuner_Tuner_nativeSetup and Java_android_media_tv_tuner_Tuner_nativeSetup__) - is the library loaded, e.g. System.loadLibrary?",device spec - tv tuner option delete patch >> PASS,204_A,14_r7 / 13033356,2025-03-01,1.2.0
2025-05-07,arm64-v8a,CtsTvTestCases,android.media.tv.tuner.cts.TunerFilterTest#testAvSettings,pass,"java.lang.UnsatisfiedLinkError: No implementation found for void android.media.tv.tuner.Tuner.nativeSetup() (tried Java_android_media_tv_tuner_Tuner_nativeSetup and Java_android_media_tv_tuner_Tuner_nativeSetup__) - is the library loaded, e.g. System.loadLibrary?",device spec - tv tuner option delete patch >> PASS,204_A,14_r7 / 13033356,2025-03-01,1.2.0
2025-05-07,arm64-v8a,CtsTvTestCases,android.media.tv.tuner.cts.TunerFilterTest#testTsFilterConfiguration,pass,"java.lang.UnsatisfiedLinkError: No implementation found for void android.media.tv.tuner.Tuner.nativeSetup() (tried Java_android_media_tv_tuner_Tuner_nativeSetup and Java_android_media_tv_tuner_Tuner_nativeSetup__) - is the library loaded, e.g. System.loadLibrary?",device spec - tv tuner option delete patch >> PASS,204_A,14_r7 / 13033356,2025-03-01,1.2.0
2025-05-07,arm64-v8a,CtsTvTestCases,android.media.tv.tuner.cts.TunerFilterTest#testDownloadSettings,pass,"java.lang.UnsatisfiedLinkError: No implementation found for void android.media.tv.tuner.Tuner.nativeSetup() (tried Java_android_media_tv_tuner_Tuner_nativeSetup and Java_android_media_tv_tuner_Tuner_nativeSetup__) - is the library loaded, e.g. System.loadLibrary?",device spec - tv tuner option delete patch >> PASS,204_A,14_r7 / 13033356,2025-03-01,1.2.0
2025-05-07,arm64-v8a,CtsTvTestCases,android.media.tv.tuner.cts.TunerFrontendTest#testDtmbFrontendSettingsWithLongFrequency,pass,"java.lang.UnsatisfiedLinkError: No implementation found for void android.media.tv.tuner.Tuner.nativeSetup() (tried Java_android_media_tv_tuner_Tuner_nativeSetup and Java_android_media_tv_tuner_Tuner_nativeSetup__) - is the library loaded, e.g. System.loadLibrary?",device spec - tv tuner option delete patch >> PASS,204_A,14_r7 / 13033356,2025-03-01,1.2.0
2025-05-07,arm64-v8a,CtsTvTestCases,android.media.tv.tuner.cts.TunerFrontendTest#testAnalogFrontendSettingsWithIntFrequency,pass,"java.lang.UnsatisfiedLinkError: No implementation found for void android.media.tv.tuner.Tuner.nativeSetup() (tried Java_android_media_tv_tuner_Tuner_nativeSetup and Java_android_media_tv_tuner_Tuner_nativeSetup__) - is the library loaded, e.g. System.loadLibrary?",device spec - tv tuner option delete patch >> PASS,204_A,14_r7 / 13033356,2025-03-01,1.2.0
2025-05-07,arm64-v8a,CtsTvTestCases,android.media.tv.tuner.cts.TunerFrontendTest#testIsdbtFrontendSettingsWithIntFrequency,pass,"java.lang.UnsatisfiedLinkError: No implementation found for void android.media.tv.tuner.Tuner.nativeSetup() (tried Java_android_media_tv_tuner_Tuner_nativeSetup and Java_android_media_tv_tuner_Tuner_nativeSetup__) - is the library loaded, e.g. System.loadLibrary?",device spec - tv tuner option delete patch >> PASS,204_A,14_r7 / 13033356,2025-03-01,1.2.0
2025-05-07,arm64-v8a,CtsTvTestCases,android.media.tv.tuner.cts.TunerFrontendTest#testIsdbs3FrontendSettingsWithIntFrequency,pass,"java.lang.UnsatisfiedLinkError: No implementation found for void android.media.tv.tuner.Tuner.nativeSetup() (tried Java_android_media_tv_tuner_Tuner_nativeSetup and Java_android_media_tv_tuner_Tuner_nativeSetup__) - is the library loaded, e.g. System.loadLibrary?",device spec - tv tuner option delete patch >> PASS,204_A,14_r7 / 13033356,2025-03-01,1.2.0
2025-05-07,arm64-v8a,CtsTvTestCases,android.media.tv.tuner.cts.TunerFrontendTest#testAtsc3FrontendSettingsWithIntFrequency,pass,"java.lang.UnsatisfiedLinkError: No implementation found for void android.media.tv.tuner.Tuner.nativeSetup() (tried Java_android_media_tv_tuner_Tuner_nativeSetup and Java_android_media_tv_tuner_Tuner_nativeSetup__) - is the library loaded, e.g. System.loadLibrary?",device spec - tv tuner option delete patch >> PASS,204_A,14_r7 / 13033356,2025-03-01,1.2.0
2025-05-07,arm64-v8a,CtsTvTestCases,android.media.tv.tuner.cts.TunerFrontendTest#testDvbtFrontendSettingsWithIntFrequency,pass,"java.lang.UnsatisfiedLinkError: No implementation found for void android.media.tv.tuner.Tuner.nativeSetup() (tried Java_android_media_tv_tuner_Tuner_nativeSetup and Java_android_media_tv_tuner_Tuner_nativeSetup__) - is the library loaded, e.g. System.loadLibrary?",device spec - tv tuner option delete patch >> PASS,204_A,14_r7 / 13033356,2025-03-01,1.2.0
2025-05-07,arm64-v8a,CtsTvTestCases,android.media.tv.tuner.cts.TunerFrontendTest#testDvbcFrontendSettingsWithIntFrequency,pass,"java.lang.UnsatisfiedLinkError: No implementation found for void android.media.tv.tuner.Tuner.nativeSetup() (tried Java_android_media_tv_tuner_Tuner_nativeSetup and Java_android_media_tv_tuner_Tuner_nativeSetup__) - is the library loaded, e.g. System.loadLibrary?",device spec - tv tuner option delete patch >> PASS,204_A,14_r7 / 13033356,2025-03-01,1.2.0
2025-05-07,arm64-v8a,CtsTvTestCases,android.media.tv.tuner.cts.TunerFrontendTest#testIsdbs3FrontendSettingsWithLongFrequency,pass,"java.lang.UnsatisfiedLinkError: No implementation found for void android.media.tv.tuner.Tuner.nativeSetup() (tried Java_android_media_tv_tuner_Tuner_nativeSetup and Java_android_media_tv_tuner_Tuner_nativeSetup__) - is the library loaded, e.g. System.loadLibrary?",device spec - tv tuner option delete patch >> PASS,204_A,14_r7 / 13033356,2025-03-01,1.2.0
2025-05-07,arm64-v8a,CtsTvTestCases,android.media.tv.tuner.cts.TunerFrontendTest#testDvbcFrontendSettingsWithLongFrequency,pass,"java.lang.UnsatisfiedLinkError: No implementation found for void android.media.tv.tuner.Tuner.nativeSetup() (tried Java_android_media_tv_tuner_Tuner_nativeSetup and Java_android_media_tv_tuner_Tuner_nativeSetup__) - is the library loaded, e.g. System.loadLibrary?",device spec - tv tuner option delete patch >> PASS,204_A,14_r7 / 13033356,2025-03-01,1.2.0
2025-05-07,arm64-v8a,CtsTvTestCases,android.media.tv.tuner.cts.TunerFrontendTest#testFrontendInfoWithLongFrequency,pass,"java.lang.UnsatisfiedLinkError: No implementation found for void android.media.tv.tuner.Tuner.nativeSetup() (tried Java_android_media_tv_tuner_Tuner_nativeSetup and Java_android_media_tv_tuner_Tuner_nativeSetup__) - is the library loaded, e.g. System.loadLibrary?",device spec - tv tuner option delete patch >> PASS,204_A,14_r7 / 13033356,2025-03-01,1.2.0
2025-05-07,arm64-v8a,CtsTvTestCases,android.media.tv.tuner.cts.TunerFrontendTest#testIsdbsFrontendSettingsWithLongFrequency,pass,"java.lang.UnsatisfiedLinkError: No implementation found for void android.media.tv.tuner.Tuner.nativeSetup() (tried Java_android_media_tv_tuner_Tuner_nativeSetup and Java_android_media_tv_tuner_Tuner_nativeSetup__) - is the library loaded, e.g. System.loadLibrary?",device spec - tv tuner option delete patch >> PASS,204_A,14_r7 / 13033356,2025-03-01,1.2.0
2025-05-07,arm64-v8a,CtsTvTestCases,android.media.tv.tuner.cts.TunerFrontendTest#testAtscFrontendSettingsWithLongFrequency,pass,"java.lang.UnsatisfiedLinkError: No implementation found for void android.media.tv.tuner.Tuner.nativeSetup() (tried Java_android_media_tv_tuner_Tuner_nativeSetup and Java_android_media_tv_tuner_Tuner_nativeSetup__) - is the library loaded, e.g. System.loadLibrary?",device spec - tv tuner option delete patch >> PASS,204_A,14_r7 / 13033356,2025-03-01,1.2.0
2025-05-07,arm64-v8a,CtsTvTestCases,android.media.tv.tuner.cts.TunerFrontendTest#testIptvFrontendSettings,pass,"java.lang.UnsatisfiedLinkError: No implementation found for void android.media.tv.tuner.Tuner.nativeSetup() (tried Java_android_media_tv_tuner_Tuner_nativeSetup and Java_android_media_tv_tuner_Tuner_nativeSetup__) - is the library loaded, e.g. System.loadLibrary?",device spec - tv tuner option delete patch >> PASS,204_A,14_r7 / 13033356,2025-03-01,1.2.0
2025-05-07,arm64-v8a,CtsTvTestCases,android.media.tv.tuner.cts.TunerFrontendTest#testDvbsFrontendSettingsWithLongFrequency,pass,"java.lang.UnsatisfiedLinkError: No implementation found for void android.media.tv.tuner.Tuner.nativeSetup() (tried Java_android_media_tv_tuner_Tuner_nativeSetup and Java_android_media_tv_tuner_Tuner_nativeSetup__) - is the library loaded, e.g. System.loadLibrary?",device spec - tv tuner option delete patch >> PASS,204_A,14_r7 / 13033356,2025-03-01,1.2.0
2025-05-07,arm64-v8a,CtsTvTestCases,android.media.tv.tuner.cts.TunerFrontendTest#testIsdbsFrontendSettingsWithIntFrequency,pass,"java.lang.UnsatisfiedLinkError: No implementation found for void android.media.tv.tuner.Tuner.nativeSetup() (tried Java_android_media_tv_tuner_Tuner_nativeSetup and Java_android_media_tv_tuner_Tuner_nativeSetup__) - is the library loaded, e.g. System.loadLibrary?",device spec - tv tuner option delete patch >> PASS,204_A,14_r7 / 13033356,2025-03-01,1.2.0
2025-05-07,arm64-v8a,CtsTvTestCases,android.media.tv.tuner.cts.TunerFrontendTest#testDvbtFrontendSettingsWithLongFrequency,pass,"java.lang.UnsatisfiedLinkError: No implementation found for void android.media.tv.tuner.Tuner.nativeSetup() (tried Java_android_media_tv_tuner_Tuner_nativeSetup and Java_android_media_tv_tuner_Tuner_nativeSetup__) - is the library loaded, e.g. System.loadLibrary?",device spec - tv tuner option delete patch >> PASS,204_A,14_r7 / 13033356,2025-03-01,1.2.0
2025-05-07,arm64-v8a,CtsTvTestCases,android.media.tv.tuner.cts.TunerFrontendTest#testDvbsFrontendSettingsWithIntFrequency,pass,"java.lang.UnsatisfiedLinkError: No implementation found for void android.media.tv.tuner.Tuner.nativeSetup() (tried Java_android_media_tv_tuner_Tuner_nativeSetup and Java_android_media_tv_tuner_Tuner_nativeSetup__) - is the library loaded, e.g. System.loadLibrary?",device spec - tv tuner option delete patch >> PASS,204_A,14_r7 / 13033356,2025-03-01,1.2.0
2025-05-07,arm64-v8a,CtsTvTestCases,android.media.tv.tuner.cts.TunerFrontendTest#testAtscFrontendSettingsWithIntFrequency,pass,"java.lang.UnsatisfiedLinkError: No implementation found for void android.media.tv.tuner.Tuner.nativeSetup() (tried Java_android_media_tv_tuner_Tuner_nativeSetup and Java_android_media_tv_tuner_Tuner_nativeSetup__) - is the library loaded, e.g. System.loadLibrary?",device spec - tv tuner option delete patch >> PASS,204_A,14_r7 / 13033356,2025-03-01,1.2.0
2025-05-07,arm64-v8a,CtsTvTestCases,android.media.tv.tuner.cts.TunerFrontendTest#testAtsc3FrontendSettingsWithLongFrequency,pass,"java.lang.UnsatisfiedLinkError: No implementation found for void android.media.tv.tuner.Tuner.nativeSetup() (tried Java_android_media_tv_tuner_Tuner_nativeSetup and Java_android_media_tv_tuner_Tuner_nativeSetup__) - is the library loaded, e.g. System.loadLibrary?",device spec - tv tuner option delete patch >> PASS,204_A,14_r7 / 13033356,2025-03-01,1.2.0
2025-05-07,arm64-v8a,CtsTvTestCases,android.media.tv.tuner.cts.TunerFrontendTest#testDtmbFrontendSettingsWithIntFrequency,pass,"java.lang.UnsatisfiedLinkError: No implementation found for void android.media.tv.tuner.Tuner.nativeSetup() (tried Java_android_media_tv_tuner_Tuner_nativeSetup and Java_android_media_tv_tuner_Tuner_nativeSetup__) - is the library loaded, e.g. System.loadLibrary?",device spec - tv tuner option delete patch >> PASS,204_A,14_r7 / 13033356,2025-03-01,1.2.0
2025-05-07,arm64-v8a,CtsTvTestCases,android.media.tv.tuner.cts.TunerFrontendTest#testAnalogFrontendSettingsWithLongFrequency,pass,"java.lang.UnsatisfiedLinkError: No implementation found for void android.media.tv.tuner.Tuner.nativeSetup() (tried Java_android_media_tv_tuner_Tuner_nativeSetup and Java_android_media_tv_tuner_Tuner_nativeSetup__) - is the library loaded, e.g. System.loadLibrary?",device spec - tv tuner option delete patch >> PASS,204_A,14_r7 / 13033356,2025-03-01,1.2.0
2025-05-07,arm64-v8a,CtsTvTestCases,android.media.tv.tuner.cts.TunerFrontendTest#testIsdbtFrontendSettingsWithLongFrequency,pass,"java.lang.UnsatisfiedLinkError: No implementation found for void android.media.tv.tuner.Tuner.nativeSetup() (tried Java_android_media_tv_tuner_Tuner_nativeSetup and Java_android_media_tv_tuner_Tuner_nativeSetup__) - is the library loaded, e.g. System.loadLibrary?",device spec - tv tuner option delete patch >> PASS,204_A,14_r7 / 13033356,2025-03-01,1.2.0
2025-05-07,arm64-v8a,CtsTvTestCases,android.media.tv.tuner.cts.TunerTest#testFilterTimeDelay,pass,"java.lang.UnsatisfiedLinkError: No implementation found for void android.media.tv.tuner.Tuner.nativeSetup() (tried Java_android_media_tv_tuner_Tuner_nativeSetup and Java_android_media_tv_tuner_Tuner_nativeSetup__) - is the library loaded, e.g. System.loadLibrary?",device spec - tv tuner option delete patch >> PASS,204_A,14_r7 / 13033356,2025-03-01,1.2.0
2025-05-07,arm64-v8a,CtsTvTestCases,android.media.tv.tuner.cts.TunerTest#testSharedFilterOneProcess,pass,"java.lang.UnsatisfiedLinkError: No implementation found for void android.media.tv.tuner.Tuner.nativeSetup() (tried Java_android_media_tv_tuner_Tuner_nativeSetup and Java_android_media_tv_tuner_Tuner_nativeSetup__) - is the library loaded, e.g. System.loadLibrary?",device spec - tv tuner option delete patch >> PASS,204_A,14_r7 / 13033356,2025-03-01,1.2.0
2025-05-07,arm64-v8a,CtsTvTestCases,android.media.tv.tuner.cts.TunerTest#testReadFilter,pass,"java.lang.UnsatisfiedLinkError: No implementation found for void android.media.tv.tuner.Tuner.nativeSetup() (tried Java_android_media_tv_tuner_Tuner_nativeSetup and Java_android_media_tv_tuner_Tuner_nativeSetup__) - is the library loaded, e.g. System.loadLibrary?",device spec - tv tuner option delete patch >> PASS,204_A,14_r7 / 13033356,2025-03-01,1.2.0
2025-05-07,arm64-v8a,CtsTvTestCases,android.media.tv.tuner.cts.TunerTest#testResourceReclaimed,pass,"java.lang.UnsatisfiedLinkError: No implementation found for void android.media.tv.tuner.Tuner.nativeSetup() (tried Java_android_media_tv_tuner_Tuner_nativeSetup and Java_android_media_tv_tuner_Tuner_nativeSetup__) - is the library loaded, e.g. System.loadLibrary?",device spec - tv tuner option delete patch >> PASS,204_A,14_r7 / 13033356,2025-03-01,1.2.0
2025-05-07,arm64-v8a,CtsTvTestCases,android.media.tv.tuner.cts.TunerTest#testMultiTuning,pass,"java.lang.UnsatisfiedLinkError: No implementation found for void android.media.tv.tuner.Tuner.nativeSetup() (tried Java_android_media_tv_tuner_Tuner_nativeSetup and Java_android_media_tv_tuner_Tuner_nativeSetup__) - is the library loaded, e.g. System.loadLibrary?",device spec - tv tuner option delete patch >> PASS,204_A,14_r7 / 13033356,2025-03-01,1.2.0
2025-05-07,arm64-v8a,CtsTvTestCases,android.media.tv.tuner.cts.TunerTest#testTlvTlvFilterConfig,pass,"java.lang.UnsatisfiedLinkError: No implementation found for void android.media.tv.tuner.Tuner.nativeSetup() (tried Java_android_media_tv_tuner_Tuner_nativeSetup and Java_android_media_tv_tuner_Tuner_nativeSetup__) - is the library loaded, e.g. System.loadLibrary?",device spec - tv tuner option delete patch >> PASS,204_A,14_r7 / 13033356,2025-03-01,1.2.0
2025-05-07,arm64-v8a,CtsTvTestCases,android.media.tv.tuner.cts.TunerTest#testResourceLostListener,pass,"java.lang.UnsatisfiedLinkError: No implementation found for void android.media.tv.tuner.Tuner.nativeSetup() (tried Java_android_media_tv_tuner_Tuner_nativeSetup and Java_android_media_tv_tuner_Tuner_nativeSetup__) - is the library loaded, e.g. System.loadLibrary?",device spec - tv tuner option delete patch >> PASS,204_A,14_r7 / 13033356,2025-03-01,1.2.0
2025-05-07,arm64-v8a,CtsTvTestCases,android.media.tv.tuner.cts.TunerTest#testRemoveOutputPid,pass,"java.lang.UnsatisfiedLinkError: No implementation found for void android.media.tv.tuner.Tuner.nativeSetup() (tried Java_android_media_tv_tuner_Tuner_nativeSetup and Java_android_media_tv_tuner_Tuner_nativeSetup__) - is the library loaded, e.g. System.loadLibrary?",device spec - tv tuner option delete patch >> PASS,204_A,14_r7 / 13033356,2025-03-01,1.2.0
2025-05-07,arm64-v8a,CtsTvTestCases,android.media.tv.tuner.cts.TunerTest#testAlpSectionFilterConfig,pass,"java.lang.UnsatisfiedLinkError: No implementation found for void android.media.tv.tuner.Tuner.nativeSetup() (tried Java_android_media_tv_tuner_Tuner_nativeSetup and Java_android_media_tv_tuner_Tuner_nativeSetup__) - is the library loaded, e.g. System.loadLibrary?",device spec - tv tuner option delete patch >> PASS,204_A,14_r7 / 13033356,2025-03-01,1.2.0
2025-05-07,arm64-v8a,CtsTvTestCases,android.media.tv.tuner.cts.TunerTest#testTunerVersion,pass,"java.lang.UnsatisfiedLinkError: No implementation found for void android.media.tv.tuner.Tuner.nativeSetup() (tried Java_android_media_tv_tuner_Tuner_nativeSetup and Java_android_media_tv_tuner_Tuner_nativeSetup__) - is the library loaded, e.g. System.loadLibrary?",device spec - tv tuner option delete patch >> PASS,204_A,14_r7 / 13033356,2025-03-01,1.2.0
2025-05-07,arm64-v8a,CtsTvTestCases,android.media.tv.tuner.cts.TunerTest#testSharedFilterTwoProcessesReleaseInFilter,pass,"java.lang.UnsatisfiedLinkError: No implementation found for void android.media.tv.tuner.Tuner.nativeSetup() (tried Java_android_media_tv_tuner_Tuner_nativeSetup and Java_android_media_tv_tuner_Tuner_nativeSetup__) - is the library loaded, e.g. System.loadLibrary?",device spec - tv tuner option delete patch >> PASS,204_A,14_r7 / 13033356,2025-03-01,1.2.0
2025-05-07,arm64-v8a,CtsTvTestCases,android.media.tv.tuner.cts.TunerTest#testRequestFrontendThenTune,pass,"java.lang.UnsatisfiedLinkError: No implementation found for void android.media.tv.tuner.Tuner.nativeSetup() (tried Java_android_media_tv_tuner_Tuner_nativeSetup and Java_android_media_tv_tuner_Tuner_nativeSetup__) - is the library loaded, e.g. System.loadLibrary?",device spec - tv tuner option delete patch >> PASS,204_A,14_r7 / 13033356,2025-03-01,1.2.0
2025-05-07,arm64-v8a,CtsTvTestCases,android.media.tv.tuner.cts.TunerTest#testTsAvFilterConfig,pass,"java.lang.UnsatisfiedLinkError: No implementation found for void android.media.tv.tuner.Tuner.nativeSetup() (tried Java_android_media_tv_tuner_Tuner_nativeSetup and Java_android_media_tv_tuner_Tuner_nativeSetup__) - is the library loaded, e.g. System.loadLibrary?",device spec - tv tuner option delete patch >> PASS,204_A,14_r7 / 13033356,2025-03-01,1.2.0
2025-05-07,arm64-v8a,CtsTvTestCases,android.media.tv.tuner.cts.TunerTest#testDemuxReclaim,pass,"java.lang.UnsatisfiedLinkError: No implementation found for void android.media.tv.tuner.Tuner.nativeSetup() (tried Java_android_media_tv_tuner_Tuner_nativeSetup and Java_android_media_tv_tuner_Tuner_nativeSetup__) - is the library loaded, e.g. System.loadLibrary?",device spec - tv tuner option delete patch >> PASS,204_A,14_r7 / 13033356,2025-03-01,1.2.0
2025-05-07,arm64-v8a,CtsTvTestCases,android.media.tv.tuner.cts.TunerTest#testTsRecordFilterConfig,pass,"java.lang.UnsatisfiedLinkError: No implementation found for void android.media.tv.tuner.Tuner.nativeSetup() (tried Java_android_media_tv_tuner_Tuner_nativeSetup and Java_android_media_tv_tuner_Tuner_nativeSetup__) - is the library loaded, e.g. System.loadLibrary?",device spec - tv tuner option delete patch >> PASS,204_A,14_r7 / 13033356,2025-03-01,1.2.0
2025-05-07,arm64-v8a,CtsTvTestCases,android.media.tv.tuner.cts.TunerTest#testAudioFilterStreamTypeConfig,pass,"java.lang.UnsatisfiedLinkError: No implementation found for void android.media.tv.tuner.Tuner.nativeSetup() (tried Java_android_media_tv_tuner_Tuner_nativeSetup and Java_android_media_tv_tuner_Tuner_nativeSetup__) - is the library loaded, e.g. System.loadLibrary?",device spec - tv tuner option delete patch >> PASS,204_A,14_r7 / 13033356,2025-03-01,1.2.0
2025-05-07,arm64-v8a,CtsTvTestCases,android.media.tv.tuner.cts.TunerTest#testFrontendStatusReadiness,pass,"java.lang.UnsatisfiedLinkError: No implementation found for void android.media.tv.tuner.Tuner.nativeSetup() (tried Java_android_media_tv_tuner_Tuner_nativeSetup and Java_android_media_tv_tuner_Tuner_nativeSetup__) - is the library loaded, e.g. System.loadLibrary?",device spec - tv tuner option delete patch >> PASS,204_A,14_r7 / 13033356,2025-03-01,1.2.0
2025-05-07,arm64-v8a,CtsTvTestCases,android.media.tv.tuner.cts.TunerTest#testMmtpDownloadFilterConfig,pass,"java.lang.UnsatisfiedLinkError: No implementation found for void android.media.tv.tuner.Tuner.nativeSetup() (tried Java_android_media_tv_tuner_Tuner_nativeSetup and Java_android_media_tv_tuner_Tuner_nativeSetup__) - is the library loaded, e.g. System.loadLibrary?",device spec - tv tuner option delete patch >> PASS,204_A,14_r7 / 13033356,2025-03-01,1.2.0
2025-05-07,arm64-v8a,CtsTvTestCases,android.media.tv.tuner.cts.TunerTest#testCloseFrontend,pass,"java.lang.UnsatisfiedLinkError: No implementation found for void android.media.tv.tuner.Tuner.nativeSetup() (tried Java_android_media_tv_tuner_Tuner_nativeSetup and Java_android_media_tv_tuner_Tuner_nativeSetup__) - is the library loaded, e.g. System.loadLibrary?",device spec - tv tuner option delete patch >> PASS,204_A,14_r7 / 13033356,2025-03-01,1.2.0
2025-05-07,arm64-v8a,CtsTvTestCases,android.media.tv.tuner.cts.TunerTest#testLnbAddAndRemoveCallback,pass,"java.lang.UnsatisfiedLinkError: No implementation found for void android.media.tv.tuner.Tuner.nativeSetup() (tried Java_android_media_tv_tuner_Tuner_nativeSetup and Java_android_media_tv_tuner_Tuner_nativeSetup__) - is the library loaded, e.g. System.loadLibrary?",device spec - tv tuner option delete patch >> PASS,204_A,14_r7 / 13033356,2025-03-01,1.2.0
2025-05-07,arm64-v8a,CtsTvTestCases,android.media.tv.tuner.cts.TunerTest#testSharedFilterTwoProcessesCloseInFilter,pass,"java.lang.UnsatisfiedLinkError: No implementation found for void android.media.tv.tuner.Tuner.nativeSetup() (tried Java_android_media_tv_tuner_Tuner_nativeSetup and Java_android_media_tv_tuner_Tuner_nativeSetup__) - is the library loaded, e.g. System.loadLibrary?",device spec - tv tuner option delete patch >> PASS,204_A,14_r7 / 13033356,2025-03-01,1.2.0
2025-05-07,arm64-v8a,CtsTvTestCases,android.media.tv.tuner.cts.TunerTest#testIsLnaSupported,pass,"java.lang.UnsatisfiedLinkError: No implementation found for void android.media.tv.tuner.Tuner.nativeSetup() (tried Java_android_media_tv_tuner_Tuner_nativeSetup and Java_android_media_tv_tuner_Tuner_nativeSetup__) - is the library loaded, e.g. System.loadLibrary?",device spec - tv tuner option delete patch >> PASS,204_A,14_r7 / 13033356,2025-03-01,1.2.0
2025-05-07,arm64-v8a,CtsTvTestCases,android.media.tv.tuner.cts.TunerTest#testShareFrontendFromTuner,pass,"java.lang.UnsatisfiedLinkError: No implementation found for void android.media.tv.tuner.Tuner.nativeSetup() (tried Java_android_media_tv_tuner_Tuner_nativeSetup and Java_android_media_tv_tuner_Tuner_nativeSetup__) - is the library loaded, e.g. System.loadLibrary?",device spec - tv tuner option delete patch >> PASS,204_A,14_r7 / 13033356,2025-03-01,1.2.0
2025-05-07,arm64-v8a,CtsTvTestCases,android.media.tv.tuner.cts.TunerTest#testIpFilter,pass,"java.lang.UnsatisfiedLinkError: No implementation found for void android.media.tv.tuner.Tuner.nativeSetup() (tried Java_android_media_tv_tuner_Tuner_nativeSetup and Java_android_media_tv_tuner_Tuner_nativeSetup__) - is the library loaded, e.g. System.loadLibrary?",device spec - tv tuner option delete patch >> PASS,204_A,14_r7 / 13033356,2025-03-01,1.2.0
2025-05-07,arm64-v8a,CtsTvTestCases,android.media.tv.tuner.cts.TunerTest#testSharedFilterTwoProcessesVerifySharedFilter,pass,"java.lang.UnsatisfiedLinkError: No implementation found for void android.media.tv.tuner.Tuner.nativeSetup() (tried Java_android_media_tv_tuner_Tuner_nativeSetup and Java_android_media_tv_tuner_Tuner_nativeSetup__) - is the library loaded, e.g. System.loadLibrary?",device spec - tv tuner option delete patch >> PASS,204_A,14_r7 / 13033356,2025-03-01,1.2.0
2025-05-07,arm64-v8a,CtsTvTestCases,android.media.tv.tuner.cts.TunerTest#testTunerConstructor,pass,"java.lang.UnsatisfiedLinkError: No implementation found for void android.media.tv.tuner.Tuner.nativeSetup() (tried Java_android_media_tv_tuner_Tuner_nativeSetup and Java_android_media_tv_tuner_Tuner_nativeSetup__) - is the library loaded, e.g. System.loadLibrary?",device spec - tv tuner option delete patch >> PASS,204_A,14_r7 / 13033356,2025-03-01,1.2.0
2025-05-07,arm64-v8a,CtsTvTestCases,android.media.tv.tuner.cts.TunerTest#testResourceReclaimedDifferentProcess,pass,"java.lang.UnsatisfiedLinkError: No implementation found for void android.media.tv.tuner.Tuner.nativeSetup() (tried Java_android_media_tv_tuner_Tuner_nativeSetup and Java_android_media_tv_tuner_Tuner_nativeSetup__) - is the library loaded, e.g. System.loadLibrary?",device spec - tv tuner option delete patch >> PASS,204_A,14_r7 / 13033356,2025-03-01,1.2.0
2025-05-07,arm64-v8a,CtsTvTestCases,android.media.tv.tuner.cts.TunerTest#testLnb,pass,"java.lang.UnsatisfiedLinkError: No implementation found for void android.media.tv.tuner.Tuner.nativeSetup() (tried Java_android_media_tv_tuner_Tuner_nativeSetup and Java_android_media_tv_tuner_Tuner_nativeSetup__) - is the library loaded, e.g. System.loadLibrary?",device spec - tv tuner option delete patch >> PASS,204_A,14_r7 / 13033356,2025-03-01,1.2.0
2025-05-07,arm64-v8a,CtsTvTestCases,android.media.tv.tuner.cts.TunerTest#testFrontendHardwareInfo,pass,"java.lang.UnsatisfiedLinkError: No implementation found for void android.media.tv.tuner.Tuner.nativeSetup() (tried Java_android_media_tv_tuner_Tuner_nativeSetup and Java_android_media_tv_tuner_Tuner_nativeSetup__) - is the library loaded, e.g. System.loadLibrary?",device spec - tv tuner option delete patch >> PASS,204_A,14_r7 / 13033356,2025-03-01,1.2.0
2025-05-07,arm64-v8a,CtsTvTestCases,android.media.tv.tuner.cts.TunerTest#testClose,pass,"java.lang.UnsatisfiedLinkError: No implementation found for void android.media.tv.tuner.Tuner.nativeSetup() (tried Java_android_media_tv_tuner_Tuner_nativeSetup and Java_android_media_tv_tuner_Tuner_nativeSetup__) - is the library loaded, e.g. System.loadLibrary?",device spec - tv tuner option delete patch >> PASS,204_A,14_r7 / 13033356,2025-03-01,1.2.0
2025-05-07,arm64-v8a,CtsTvTestCases,android.media.tv.tuner.cts.TunerTest#testMmtpPesFilterConfig,pass,"java.lang.UnsatisfiedLinkError: No implementation found for void android.media.tv.tuner.Tuner.nativeSetup() (tried Java_android_media_tv_tuner_Tuner_nativeSetup and Java_android_media_tv_tuner_Tuner_nativeSetup__) - is the library loaded, e.g. System.loadLibrary?",device spec - tv tuner option delete patch >> PASS,204_A,14_r7 / 13033356,2025-03-01,1.2.0
2025-05-07,arm64-v8a,CtsTvTestCases,android.media.tv.tuner.cts.TunerTest#testTransferOwner,pass,"java.lang.UnsatisfiedLinkError: No implementation found for void android.media.tv.tuner.Tuner.nativeSetup() (tried Java_android_media_tv_tuner_Tuner_nativeSetup and Java_android_media_tv_tuner_Tuner_nativeSetup__) - is the library loaded, e.g. System.loadLibrary?",device spec - tv tuner option delete patch >> PASS,204_A,14_r7 / 13033356,2025-03-01,1.2.0
2025-05-07,arm64-v8a,CtsTvTestCases,android.media.tv.tuner.cts.TunerTest#testDescramblerKeyTokenValidator,pass,"java.lang.UnsatisfiedLinkError: No implementation found for void android.media.tv.tuner.Tuner.nativeSetup() (tried Java_android_media_tv_tuner_Tuner_nativeSetup and Java_android_media_tv_tuner_Tuner_nativeSetup__) - is the library loaded, e.g. System.loadLibrary?",device spec - tv tuner option delete patch >> PASS,204_A,14_r7 / 13033356,2025-03-01,1.2.0
2025-05-07,arm64-v8a,CtsTvTestCases,android.media.tv.tuner.cts.TunerTest#testOpenDvrRecorder,pass,"java.lang.UnsatisfiedLinkError: No implementation found for void android.media.tv.tuner.Tuner.nativeSetup() (tried Java_android_media_tv_tuner_Tuner_nativeSetup and Java_android_media_tv_tuner_Tuner_nativeSetup__) - is the library loaded, e.g. System.loadLibrary?",device spec - tv tuner option delete patch >> PASS,204_A,14_r7 / 13033356,2025-03-01,1.2.0
2025-05-07,arm64-v8a,CtsTvTestCases,android.media.tv.tuner.cts.TunerTest#testApplyFrontend,pass,"java.lang.UnsatisfiedLinkError: No implementation found for void android.media.tv.tuner.Tuner.nativeSetup() (tried Java_android_media_tv_tuner_Tuner_nativeSetup and Java_android_media_tv_tuner_Tuner_nativeSetup__) - is the library loaded, e.g. System.loadLibrary?",device spec - tv tuner option delete patch >> PASS,204_A,14_r7 / 13033356,2025-03-01,1.2.0
2025-05-07,arm64-v8a,CtsTvTestCases,android.media.tv.tuner.cts.TunerTest#testFrontendStatus,pass,"java.lang.UnsatisfiedLinkError: No implementation found for void android.media.tv.tuner.Tuner.nativeSetup() (tried Java_android_media_tv_tuner_Tuner_nativeSetup and Java_android_media_tv_tuner_Tuner_nativeSetup__) - is the library loaded, e.g. System.loadLibrary?",device spec - tv tuner option delete patch >> PASS,204_A,14_r7 / 13033356,2025-03-01,1.2.0
2025-05-07,arm64-v8a,CtsTvTestCases,android.media.tv.tuner.cts.TunerTest#testOpenLnbByname,pass,"java.lang.UnsatisfiedLinkError: No implementation found for void android.media.tv.tuner.Tuner.nativeSetup() (tried Java_android_media_tv_tuner_Tuner_nativeSetup and Java_android_media_tv_tuner_Tuner_nativeSetup__) - is the library loaded, e.g. System.loadLibrary?",device spec - tv tuner option delete patch >> PASS,204_A,14_r7 / 13033356,2025-03-01,1.2.0
2025-05-07,arm64-v8a,CtsTvTestCases,android.media.tv.tuner.cts.TunerTest#testFrontendToCiCam,pass,"java.lang.UnsatisfiedLinkError: No implementation found for void android.media.tv.tuner.Tuner.nativeSetup() (tried Java_android_media_tv_tuner_Tuner_nativeSetup and Java_android_media_tv_tuner_Tuner_nativeSetup__) - is the library loaded, e.g. System.loadLibrary?",device spec - tv tuner option delete patch >> PASS,204_A,14_r7 / 13033356,2025-03-01,1.2.0
2025-05-07,arm64-v8a,CtsTvTestCases,android.media.tv.tuner.cts.TunerTest#testFilterDataSizeDelay,pass,"java.lang.UnsatisfiedLinkError: No implementation found for void android.media.tv.tuner.Tuner.nativeSetup() (tried Java_android_media_tv_tuner_Tuner_nativeSetup and Java_android_media_tv_tuner_Tuner_nativeSetup__) - is the library loaded, e.g. System.loadLibrary?",device spec - tv tuner option delete patch >> PASS,204_A,14_r7 / 13033356,2025-03-01,1.2.0
2025-05-07,arm64-v8a,CtsTvTestCases,android.media.tv.tuner.cts.TunerTest#testDescrambler,pass,"java.lang.UnsatisfiedLinkError: No implementation found for void android.media.tv.tuner.Tuner.nativeSetup() (tried Java_android_media_tv_tuner_Tuner_nativeSetup and Java_android_media_tv_tuner_Tuner_nativeSetup__) - is the library loaded, e.g. System.loadLibrary?",device spec - tv tuner option delete patch >> PASS,204_A,14_r7 / 13033356,2025-03-01,1.2.0
2025-05-07,arm64-v8a,CtsTvTestCases,android.media.tv.tuner.cts.TunerTest#testSharedFilterTwoProcessesCloseInSharedFilter,pass,"java.lang.UnsatisfiedLinkError: No implementation found for void android.media.tv.tuner.Tuner.nativeSetup() (tried Java_android_media_tv_tuner_Tuner_nativeSetup and Java_android_media_tv_tuner_Tuner_nativeSetup__) - is the library loaded, e.g. System.loadLibrary?",device spec - tv tuner option delete patch >> PASS,204_A,14_r7 / 13033356,2025-03-01,1.2.0
2025-05-07,arm64-v8a,CtsTvTestCases,android.media.tv.tuner.cts.TunerTest#testOnTuneEventListener,pass,"java.lang.UnsatisfiedLinkError: No implementation found for void android.media.tv.tuner.Tuner.nativeSetup() (tried Java_android_media_tv_tuner_Tuner_nativeSetup and Java_android_media_tv_tuner_Tuner_nativeSetup__) - is the library loaded, e.g. System.loadLibrary?",device spec - tv tuner option delete patch >> PASS,204_A,14_r7 / 13033356,2025-03-01,1.2.0
2025-05-07,arm64-v8a,CtsTvTestCases,android.media.tv.tuner.cts.TunerTest#testConfigureDemux,pass,"java.lang.UnsatisfiedLinkError: No implementation found for void android.media.tv.tuner.Tuner.nativeSetup() (tried Java_android_media_tv_tuner_Tuner_nativeSetup and Java_android_media_tv_tuner_Tuner_nativeSetup__) - is the library loaded, e.g. System.loadLibrary?",device spec - tv tuner option delete patch >> PASS,204_A,14_r7 / 13033356,2025-03-01,1.2.0
2025-05-07,arm64-v8a,CtsTvTestCases,android.media.tv.tuner.cts.TunerTest#testOpenDvPlayback,pass,"java.lang.UnsatisfiedLinkError: No implementation found for void android.media.tv.tuner.Tuner.nativeSetup() (tried Java_android_media_tv_tuner_Tuner_nativeSetup and Java_android_media_tv_tuner_Tuner_nativeSetup__) - is the library loaded, e.g. System.loadLibrary?",device spec - tv tuner option delete patch >> PASS,204_A,14_r7 / 13033356,2025-03-01,1.2.0
2025-05-07,arm64-v8a,CtsTvTestCases,android.media.tv.tuner.cts.TunerTest#testCiCam,pass,"java.lang.UnsatisfiedLinkError: No implementation found for void android.media.tv.tuner.Tuner.nativeSetup() (tried Java_android_media_tv_tuner_Tuner_nativeSetup and Java_android_media_tv_tuner_Tuner_nativeSetup__) - is the library loaded, e.g. System.loadLibrary?",device spec - tv tuner option delete patch >> PASS,204_A,14_r7 / 13033356,2025-03-01,1.2.0
2025-05-07,arm64-v8a,CtsTvTestCases,android.media.tv.tuner.cts.TunerTest#testTimeFilter,pass,"java.lang.UnsatisfiedLinkError: No implementation found for void android.media.tv.tuner.Tuner.nativeSetup() (tried Java_android_media_tv_tuner_Tuner_nativeSetup and Java_android_media_tv_tuner_Tuner_nativeSetup__) - is the library loaded, e.g. System.loadLibrary?",device spec - tv tuner option delete patch >> PASS,204_A,14_r7 / 13033356,2025-03-01,1.2.0
2025-05-07,arm64-v8a,CtsTvTestCases,android.media.tv.tuner.cts.TunerTest#testDemuxCapabilities,pass,"java.lang.UnsatisfiedLinkError: No implementation found for void android.media.tv.tuner.Tuner.nativeSetup() (tried Java_android_media_tv_tuner_Tuner_nativeSetup and Java_android_media_tv_tuner_Tuner_nativeSetup__) - is the library loaded, e.g. System.loadLibrary?",device spec - tv tuner option delete patch >> PASS,204_A,14_r7 / 13033356,2025-03-01,1.2.0
2025-05-07,arm64-v8a,CtsTvTestCases,android.media.tv.tuner.cts.TunerTest#testScanning,pass,"java.lang.UnsatisfiedLinkError: No implementation found for void android.media.tv.tuner.Tuner.nativeSetup() (tried Java_android_media_tv_tuner_Tuner_nativeSetup and Java_android_media_tv_tuner_Tuner_nativeSetup__) - is the library loaded, e.g. System.loadLibrary?",device spec - tv tuner option delete patch >> PASS,204_A,14_r7 / 13033356,2025-03-01,1.2.0
2025-05-07,arm64-v8a,CtsTvTestCases,android.media.tv.tuner.cts.TunerTest#testMaxNumberOfFrontends,pass,"java.lang.UnsatisfiedLinkError: No implementation found for void android.media.tv.tuner.Tuner.nativeSetup() (tried Java_android_media_tv_tuner_Tuner_nativeSetup and Java_android_media_tv_tuner_Tuner_nativeSetup__) - is the library loaded, e.g. System.loadLibrary?",device spec - tv tuner option delete patch >> PASS,204_A,14_r7 / 13033356,2025-03-01,1.2.0
2025-05-07,arm64-v8a,CtsTvTestCases,android.media.tv.tuner.cts.TunerTest#testResourceReclaimedDifferentThread,pass,"java.lang.UnsatisfiedLinkError: No implementation found for void android.media.tv.tuner.Tuner.nativeSetup() (tried Java_android_media_tv_tuner_Tuner_nativeSetup and Java_android_media_tv_tuner_Tuner_nativeSetup__) - is the library loaded, e.g. System.loadLibrary?",device spec - tv tuner option delete patch >> PASS,204_A,14_r7 / 13033356,2025-03-01,1.2.0
2025-05-07,arm64-v8a,CtsTvTestCases,android.media.tv.tuner.cts.TunerTest#testTuning,pass,"java.lang.UnsatisfiedLinkError: No implementation found for void android.media.tv.tuner.Tuner.nativeSetup() (tried Java_android_media_tv_tuner_Tuner_nativeSetup and Java_android_media_tv_tuner_Tuner_nativeSetup__) - is the library loaded, e.g. System.loadLibrary?",device spec - tv tuner option delete patch >> PASS,204_A,14_r7 / 13033356,2025-03-01,1.2.0
2025-05-07,arm64-v8a,CtsTvTestCases,android.media.tv.tuner.cts.TunerTest#testUpdateResourcePriority,pass,"java.lang.UnsatisfiedLinkError: No implementation found for void android.media.tv.tuner.Tuner.nativeSetup() (tried Java_android_media_tv_tuner_Tuner_nativeSetup and Java_android_media_tv_tuner_Tuner_nativeSetup__) - is the library loaded, e.g. System.loadLibrary?",device spec - tv tuner option delete patch >> PASS,204_A,14_r7 / 13033356,2025-03-01,1.2.0
2025-05-07,arm64-v8a,CtsTvTestCases,android.media.tv.tuner.cts.TunerTest#testAvSyncId,pass,"java.lang.UnsatisfiedLinkError: No implementation found for void android.media.tv.tuner.Tuner.nativeSetup() (tried Java_android_media_tv_tuner_Tuner_nativeSetup and Java_android_media_tv_tuner_Tuner_nativeSetup__) - is the library loaded, e.g. System.loadLibrary?",device spec - tv tuner option delete patch >> PASS,204_A,14_r7 / 13033356,2025-03-01,1.2.0
2025-05-07,arm64-v8a,CtsTvTestCases,android.media.tv.tuner.cts.TunerDvrTest#testDvrSettings,pass,"java.lang.UnsatisfiedLinkError: No implementation found for void android.media.tv.tuner.Tuner.nativeSetup() (tried Java_android_media_tv_tuner_Tuner_nativeSetup and Java_android_media_tv_tuner_Tuner_nativeSetup__) - is the library loaded, e.g. System.loadLibrary?",device spec - tv tuner option delete patch >> PASS,204_A,14_r7 / 13033356,2025-03-01,1.2.0
2025-05-07,arm64-v8a,CtsTvTestCases,android.media.tv.tuner.cts.TunerDvrTest#testDvrPlayback,pass,"java.lang.UnsatisfiedLinkError: No implementation found for void android.media.tv.tuner.Tuner.nativeSetup() (tried Java_android_media_tv_tuner_Tuner_nativeSetup and Java_android_media_tv_tuner_Tuner_nativeSetup__) - is the library loaded, e.g. System.loadLibrary?",device spec - tv tuner option delete patch >> PASS,204_A,14_r7 / 13033356,2025-03-01,1.2.0
2025-05-07,arm64-v8a,CtsTvTestCases,android.media.tv.tuner.cts.TunerDvrTest#testDvrRecorder,pass,"java.lang.UnsatisfiedLinkError: No implementation found for void android.media.tv.tuner.Tuner.nativeSetup() (tried Java_android_media_tv_tuner_Tuner_nativeSetup and Java_android_media_tv_tuner_Tuner_nativeSetup__) - is the library loaded, e.g. System.loadLibrary?",device spec - tv tuner option delete patch >> PASS,204_A,14_r7 / 13033356,2025-03-01,1.2.0
2025-05-07,arm64-v8a,CtsTvTestCases,android.media.tv.tuner.cts.TunerDvrTest#testSetRecordBufferStatusCheckIntervalHint,pass,"java.lang.UnsatisfiedLinkError: No implementation found for void android.media.tv.tuner.Tuner.nativeSetup() (tried Java_android_media_tv_tuner_Tuner_nativeSetup and Java_android_media_tv_tuner_Tuner_nativeSetup__) - is the library loaded, e.g. System.loadLibrary?",device spec - tv tuner option delete patch >> PASS,204_A,14_r7 / 13033356,2025-03-01,1.2.0
2025-05-07,arm64-v8a,CtsTvTestCases,android.media.tv.tuner.cts.TunerDvrTest#testSetPlaybackBufferStatusCheckIntervalHint,pass,"java.lang.UnsatisfiedLinkError: No implementation found for void android.media.tv.tuner.Tuner.nativeSetup() (tried Java_android_media_tv_tuner_Tuner_nativeSetup and Java_android_media_tv_tuner_Tuner_nativeSetup__) - is the library loaded, e.g. System.loadLibrary?",device spec - tv tuner option delete patch >> PASS,204_A,14_r7 / 13033356,2025-03-01,1.2.0
2025-05-07,arm64-v8a,CtsViewTestCases,android.view.cts.KeyEventInterceptTest#testKeyCodesForLaunchingApplications,pass,java.lang.AssertionError: Should not have received KEYCODE_FEATURED_APP_1,,204_A,14_r7 / 13033356,2025-03-01,1.2.0
2025-05-07,arm64-v8a,CtsViewTestCases,android.view.cts.input.InputDeviceKeyLayoutMapTest#testLayoutKeyEvents,pass,java.lang.AssertionError: Did not receive KEYCODE_BUTTON_11,,204_A,14_r7 / 13033356,2025-03-01,1.2.0
2025-05-12,arm64-v8a,CtsViewTestCases,android.view.cts.input.InputDeviceKeyLayoutMapTest#testLayoutKeyEvents,pass,java.lang.AssertionError: Did not receive KEYCODE_BUTTON_10,,,,,
2025-05-12,armeabi-v7a,CtsViewTestCases,android.view.cts.input.InputDeviceKeyLayoutMapTest#testLayoutKeyEvents,pass,java.lang.AssertionError: Did not receive KEYCODE_BUTTON_10,,,,,
2025-05-07,armeabi-v7a,CtsViewTestCases,,pass,android.view.cts.KeyEventInterceptTest#testKeyCodesForLaunchingApplications,,204_A,14_r7 / 13033356,2025-03-01,1.2.0
2025-05-07,armeabi-v7a,CtsViewTestCases,android.view.cts.input.InputDeviceKeyLayoutMapTest#testLayoutKeyEvents,pass,java.lang.AssertionError: Did not receive KEYCODE_BUTTON_11,,204_A,14_r7 / 13033356,2025-03-01,1.2.0
2025-05-07,arm64-v8a,CtsWindowManagerBackgroundActivityTestCases,android.server.wm.BackgroundActivityLaunchTest#testSecondActivityBlockedWhenBackgroundActivityLaunch,pass,java.lang.AssertionError: Second activity should not have been launched in the foreground,BAL_BLOCK >> PASS ,204_A,14_r7 / 13033356,2025-03-01,1.2.0
2025-05-07,arm64-v8a,CtsWindowManagerBackgroundActivityTestCases,android.server.wm.BackgroundActivityLaunchTest#testActivityBroughtToTopOfTaskWhenLaunchedInTheBackground,pass,java.lang.AssertionError: Previously background Activity should not be able to make it focused,BAL_BLOCK >> PASS ,204_A,14_r7 / 13033356,2025-03-01,1.2.0
2025-05-07,arm64-v8a,CtsWrapHwasanTestCases,,incomplete,,"arm64 fail >> apk install >> testing fail (sys crash?) >> synap, google reviewing",204_A,14_r7 / 13033356,2025-03-01,1.2.0
2025-05-16,arm64-v8a,CtsLibcoreTestCases,libcore.java.text.DateFormatTest#testFormat_forBug266731719,pass,"junit.framework.ComparisonFailure: expected:&lt;Jan 1, 2023 [9:55:48 PM]&gt; but was:&lt;Jan 1, 2023 [21:55:48]&gt;",date & time >> user 24-hour format OFF >> retry >> PASS ,204_A1,14_r7 / 13033356,2025-05-01,1.2.0
2025-05-16,arm64-v8a,CtsLibcoreTestCases,libcore.java.text.DateFormatTest#testParse_lenient_en,pass,junit.framework.AssertionFailedError: expected:&lt;1672610148000&gt; but was:&lt;1672566948000&gt;,date & time >> user 24-hour format OFF >> retry >> PASS ,204_A1,14_r7 / 13033356,2025-05-01,1.2.0
2025-05-16,armeabi-v7a,CtsLibcoreTestCases,libcore.java.text.DateFormatTest#testFormat_forBug266731719,pass,"junit.framework.ComparisonFailure: expected:&lt;Jan 1, 2023 [9:55:48 PM]&gt; but was:&lt;Jan 1, 2023 [21:55:48]&gt;",date & time >> user 24-hour format OFF >> retry >> PASS ,204_A1,14_r7 / 13033356,2025-05-01,1.2.0
2025-05-16,armeabi-v7a,CtsLibcoreTestCases,libcore.java.text.DateFormatTest#testParse_lenient_en,pass,junit.framework.AssertionFailedError: expected:&lt;1672610148000&gt; but was:&lt;1672566948000&gt;,date & time >> user 24-hour format OFF >> retry >> PASS ,204_A1,14_r7 / 13033356,2025-05-01,1.2.0
2025-05-16,arm64-v8a,CtsNetTestCases[instant],android.net.cts.DnsTest#testDnsWorks,pass,"junit.framework.AssertionFailedError: Default network did not provide IPv6 connectivity after 5000ms. Please connect to an IPv6-capable network. lp={InterfaceName: wlan0 LinkAddresses: [ fe80::209:74ff:fea2:ca5d/64,10.10.0.77/24 ] DnsAddresses: [ /210.220.163.82,/219.250.36.130 ] Domains: null MTU: 0 ServerAddress: /10.10.0.1 TcpBufferSizes: 524288,1048576,2097152,262144,524288,1048576 Routes: [ fe80::/64 -&gt; :: wlan0 mtu 0,10.10.0.0/24 -&gt; 0.0.0.0 wlan0 mtu 0,0.0.0.0/0 -&gt; 10.10.0.1 wlan0 mtu 0 ]}",iPhone hotspot >> PASS,204_A1,14_r7 / 13033356,2025-05-01,1.2.0
2025-05-16,arm64-v8a,CtsAppSecurityHostTestCases,android.appsecurity.cts.AdoptableHostTest#testPrimaryStorage,pass,java.lang.AssertionError: Expected success string but found Failure [-6],factory reset? retry ? >> PASS,204_A1,14_r7 / 13033356,2025-05-01,1.2.0
2025-05-16,armeabi-v7a,CtsAppSecurityHostTestCases,android.appsecurity.cts.AdoptableHostTest#testPrimaryStorage,pass,java.lang.AssertionError: Expected success string but found Failure [-6],factory reset? retry ? >> PASS,204_A1,14_r7 / 13033356,2025-05-01,1.2.0
2025-05-16,arm64-v8a,CtsAppTestCases,android.app.cts.ActivityManagerFgsBgStartTest#testVisibleActivityGracePeriod,pass,junit.framework.AssertionFailedError: Service should not enter foreground service state,"ott, netflix etc app open >> retry >> PASS",204_A1,14_r7 / 13033356,2025-05-01,1.2.0
2025-05-16,arm64-v8a,CtsAppTestCases,android.app.cts.ActivityManagerTest#testTrimAppChildProcess,pass,java.lang.AssertionError: App's light weight child process shouldn't be gone,iCX app >> clear data >> PASS,204_A1,14_r7 / 13033356,2025-05-01,1.2.0
2025-05-16,arm64-v8a,CtsAppTestCases,android.app.cts.SystemFeaturesTest#testCameraFeatures,pass,java.lang.AssertionError: PackageManager#hasSystemFeature should NOT return true for android.hardware.camera.any,camera conn >> PASS,204_A1,14_r7 / 13033356,2025-05-01,1.2.0
2025-05-16,armeabi-v7a,CtsAppTestCases,android.app.cts.ActivityManagerFgsBgStartTest#testVisibleActivityGracePeriod,pass,junit.framework.AssertionFailedError: Service should not enter foreground service state,"ott, netflix etc app open >> retry >> PASS",204_A1,14_r7 / 13033356,2025-05-01,1.2.0
2025-05-16,armeabi-v7a,CtsAppTestCases,android.app.cts.ActivityManagerTest#testTrimAppChildProcess,pass,java.lang.AssertionError: App's light weight child process shouldn't be gone,iCX app >> clear data >> PASS,204_A1,14_r7 / 13033356,2025-05-01,1.2.0
2025-05-16,armeabi-v7a,CtsAppTestCases,android.app.cts.SystemFeaturesTest#testCameraFeatures,pass,java.lang.AssertionError: PackageManager#hasSystemFeature should NOT return true for android.hardware.camera.any,camera conn >> PASS,204_A1,14_r7 / 13033356,2025-05-01,1.2.0
2025-05-16,arm64-v8a,CtsAttributionSourceTestCases,android.attributionsource.cts.RuntimePermissionsAppOpTrackingTest#testMicRecognitionMicRecoWithAttribution,pass,expected: true,camera conn >> PASS,204_A1,14_r7 / 13033356,2025-05-01,1.2.0
2025-05-16,arm64-v8a,CtsCameraTestCases,android.hardware.camera2.cts.CameraManagerTest#testCameraManagerGetDeviceIdList[1],pass,junit.framework.AssertionFailedError: External camera is not connected on device with FEATURE_CAMERA_EXTERNAL,camera conn >> PASS,204_A1,14_r7 / 13033356,2025-05-01,1.2.0
2025-05-16,arm64-v8a,CtsCameraTestCases,android.hardware.cts.CameraTest#testCameraExternalConnected,pass,junit.framework.AssertionFailedError: Devices with external camera support must have a camera connected for testing,camera conn >> PASS,204_A1,14_r7 / 13033356,2025-05-01,1.2.0
2025-05-16,armeabi-v7a,CtsCameraTestCases,android.hardware.camera2.cts.CameraManagerTest#testCameraManagerGetDeviceIdList[1],pass,junit.framework.AssertionFailedError: External camera is not connected on device with FEATURE_CAMERA_EXTERNAL,camera conn >> PASS,204_A1,14_r7 / 13033356,2025-05-01,1.2.0
2025-05-16,armeabi-v7a,CtsCameraTestCases,android.hardware.cts.CameraTest#testCameraExternalConnected,pass,junit.framework.AssertionFailedError: Devices with external camera support must have a camera connected for testing,camera conn >> PASS,204_A1,14_r7 / 13033356,2025-05-01,1.2.0
2025-05-16,arm64-v8a,CtsCameraTestCases[instant],android.hardware.camera2.cts.CameraManagerTest#testCameraManagerGetDeviceIdList[1],pass,junit.framework.AssertionFailedError: External camera is not connected on device with FEATURE_CAMERA_EXTERNAL,camera conn >> PASS,204_A1,14_r7 / 13033356,2025-05-01,1.2.0
2025-05-16,arm64-v8a,CtsCameraTestCases[instant],android.hardware.cts.CameraTest#testCameraExternalConnected,pass,junit.framework.AssertionFailedError: Devices with external camera support must have a camera connected for testing,camera conn >> PASS,204_A1,14_r7 / 13033356,2025-05-01,1.2.0
2025-05-16,armeabi-v7a,CtsDevicePolicyTestCases,android.devicepolicy.cts.AccountTest#noIncompatibleAccounts,pass,Preconfigured accounts must have the feature android.account.DEVICE_OR_PROFILE_OWNER_ALLOWED (and not have the feature android.account.DEVICE_OR_PROFILE_OWNER_DISALLOWED) to enable compatibility with Android Enterprise,google account or retry >> PASS,204_A1,14_r7 / 13033356,2025-05-01,1.2.0
2025-05-16,arm64-v8a,CtsInputTestCases,android.input.cts.AppKeyCombinationsTest#testCtrlSpace,pass,java.lang.AssertionError: expected:&lt;62&gt; but was:&lt;113&gt;,revert git commit() >> retry >> PASS,204_A1,14_r7 / 13033356,2025-05-01,1.2.0
2025-05-16,armeabi-v7a,CtsInputTestCases,android.input.cts.AppKeyCombinationsTest#testCtrlSpace,pass,java.lang.AssertionError: expected:&lt;62&gt; but was:&lt;113&gt;,revert git commit() >> retry >> PASS,204_A1,14_r7 / 13033356,2025-05-01,1.2.0
2025-05-16,arm64-v8a,CtsMediaAudioTestCases,android.media.audio.cts.AudioTrackSurroundTest#testPlayIEC61937_44100,pass,"junit.framework.AssertionFailedError: expect many timestamps, got 0",tv change?.. retry >> PASS,204_A1,14_r7 / 13033356,2025-05-01,1.2.0
2025-05-16,arm64-v8a,CtsMediaAudioTestCases,android.media.audio.cts.AudioTrackSurroundTest#testPlayIEC61937_32000,pass,"junit.framework.AssertionFailedError: expect many timestamps, got 0",tv change?.. retry >> PASS,204_A1,14_r7 / 13033356,2025-05-01,1.2.0
2025-05-16,arm64-v8a,CtsMediaAudioTestCases,android.media.audio.cts.AudioTrackSurroundTest#testPlayIEC61937_48000,pass,"junit.framework.AssertionFailedError: expect many timestamps, got 0",tv change?.. retry >> PASS,204_A1,14_r7 / 13033356,2025-05-01,1.2.0
2025-05-16,armeabi-v7a,CtsMediaAudioTestCases,android.media.audio.cts.AudioTrackSurroundTest#testPlayIEC61937_44100,pass,"junit.framework.AssertionFailedError: expect many timestamps, got 0",tv change?.. retry >> PASS,204_A1,14_r7 / 13033356,2025-05-01,1.2.0
2025-05-16,armeabi-v7a,CtsMediaAudioTestCases,android.media.audio.cts.AudioTrackSurroundTest#testPlayIEC61937_32000,pass,"junit.framework.AssertionFailedError: expect many timestamps, got 0",tv change?.. retry >> PASS,204_A1,14_r7 / 13033356,2025-05-01,1.2.0
2025-05-16,armeabi-v7a,CtsMediaAudioTestCases,android.media.audio.cts.AudioTrackSurroundTest#testPlayIEC61937_48000,pass,"junit.framework.AssertionFailedError: expect many timestamps, got 0",tv change?.. retry >> PASS,204_A1,14_r7 / 13033356,2025-05-01,1.2.0
2025-05-16,arm64-v8a,CtsMediaAudioTestCases[instant],android.media.audio.cts.AudioTrackSurroundTest#testPlayIEC61937_44100,pass,"junit.framework.AssertionFailedError: expect many timestamps, got 0",tv change?.. retry >> PASS,204_A1,14_r7 / 13033356,2025-05-01,1.2.0
2025-05-16,arm64-v8a,CtsMediaAudioTestCases[instant],android.media.audio.cts.AudioTrackSurroundTest#testPlayIEC61937_32000,pass,"junit.framework.AssertionFailedError: expect many timestamps, got 0",tv change?.. retry >> PASS,204_A1,14_r7 / 13033356,2025-05-01,1.2.0
2025-05-16,arm64-v8a,CtsMediaAudioTestCases[instant],android.media.audio.cts.AudioTrackSurroundTest#testPlayIEC61937_48000,pass,"junit.framework.AssertionFailedError: expect many timestamps, got 0",tv change?.. retry >> PASS,204_A1,14_r7 / 13033356,2025-05-01,1.2.0
2025-05-16,arm64-v8a,CtsMediaDecoderTestCases,android.media.decoder.cts.DecoderTest#testDecodeM4a,pass,java.lang.AssertionError: c2.android.aac.decoder: decoding error too big: 8747.288494156346,tv change?.. retry >> PASS,204_A1,14_r7 / 13033356,2025-05-01,1.2.0
2025-05-16,arm64-v8a,CtsMediaDecoderTestCases,android.media.decoder.cts.VideoDecoderPerfTest#testPerf[32_c2.android.vp8.decoder_fullhd],pass,"java.lang.AssertionError: Expected achievable frame rates for c2.android.vp8.decoder video/x-vnd.on2.vp8 1920x1080: [14.0, 14.0].",tv change?.. retry >> PASS,204_A1,14_r7 / 13033356,2025-05-01,1.2.0
2025-05-16,armeabi-v7a,CtsMediaDecoderTestCases,android.media.decoder.cts.VideoDecoderPerfTest#testPerf[32_c2.android.vp8.decoder_fullhd],pass,"java.lang.AssertionError: Expected achievable frame rates for c2.android.vp8.decoder video/x-vnd.on2.vp8 1920x1080: [14.0, 14.0].",tv change?.. retry >> PASS,204_A1,14_r7 / 13033356,2025-05-01,1.2.0
2025-05-16,arm64-v8a,CtsMediaV2TestCases,android.mediav2.cts.CodecDecoderTest#testSimpleDecode[0_c2.android.aac.decoder_audio/mp4a-latm],pass,java.lang.AssertionError: Decoder output is not consistent across runs,single device retry >> PASS,204_A1,14_r7 / 13033356,2025-05-01,1.2.0
2025-05-16,arm64-v8a,CtsMediaV2TestCases,android.mediav2.cts.CodecDecoderTest#testSimpleDecodeQueueCSD[0_c2.android.aac.decoder_audio/mp4a-latm],pass,java.lang.AssertionError: Decoder output is not consistent across runs,single device retry >> PASS,204_A1,14_r7 / 13033356,2025-05-01,1.2.0
2025-05-16,arm64-v8a,CtsMediaV2TestCases,android.mediav2.cts.CodecDecoderValidationTest#testDecodeAndValidate[3_c2.android.aac.decoder_audio/mp4a-latm],pass,java.lang.AssertionError: /storage/emulated/0/test/CtsMediaV2TestCases-3.6/audio/bbb_1ch_22kHz_s16le_3s.raw rms error too high ref/exp/got 25.995440/27.295210/429.026794,single device retry >> PASS,204_A1,14_r7 / 13033356,2025-05-01,1.2.0
2025-05-16,arm64-v8a,CtsMediaV2TestCases,android.mediav2.cts.CodecDecoderValidationTest#testDecodeAndValidate[7_c2.android.aac.decoder_audio/mp4a-latm],pass,java.lang.AssertionError: /storage/emulated/0/test/CtsMediaV2TestCases-3.6/audio/bbb_1ch_48kHz_s16le_3s.raw rms error too high ref/exp/got 29.335669/30.802450/429.047394,single device retry >> PASS,204_A1,14_r7 / 13033356,2025-05-01,1.2.0
2025-05-16,arm64-v8a,CtsMediaV2TestCases,android.mediav2.cts.CodecDecoderValidationTest#testDecodeAndValidate[10_c2.android.aac.decoder_audio/mp4a-latm],pass,java.lang.AssertionError: /storage/emulated/0/test/CtsMediaV2TestCases-3.6/audio/bbb_2ch_16kHz_s16le_3s.raw rms error too high ref/exp/got 22.072184/23.175791/455.326599,single device retry >> PASS,204_A1,14_r7 / 13033356,2025-05-01,1.2.0
2025-05-16,arm64-v8a,CtsMediaV2TestCases,android.mediav2.cts.CodecDecoderValidationTest#testDecodeAndValidate[14_c2.android.aac.decoder_audio/mp4a-latm],pass,java.lang.AssertionError: /storage/emulated/0/test/CtsMediaV2TestCases-3.6/audio/bbb_2ch_44kHz_s16le_3s.raw rms error too high ref/exp/got 27.316111/28.681915/455.761383,single device retry >> PASS,204_A1,14_r7 / 13033356,2025-05-01,1.2.0
2025-05-16,arm64-v8a,CtsMediaV2TestCases,android.mediav2.cts.CodecDecoderValidationTest#testDecodeAndValidate[18_c2.android.aac.decoder_audio/mp4a-latm],pass,java.lang.AssertionError: /storage/emulated/0/test/CtsMediaV2TestCases-3.6/audio/bbb_5ch_16kHz_s16le_3s.raw rms error too high ref/exp/got 32.720196/34.356205/709.117126,single device retry >> PASS,204_A1,14_r7 / 13033356,2025-05-01,1.2.0
2025-05-16,arm64-v8a,CtsMediaV2TestCases,android.mediav2.cts.CodecDecoderValidationTest#testDecodeAndValidate[21_c2.android.aac.decoder_audio/mp4a-latm],pass,java.lang.AssertionError: /storage/emulated/0/test/CtsMediaV2TestCases-3.6/audio/bbb_5ch_32kHz_s16le_3s.raw rms error too high ref/exp/got 49.437782/51.909668/709.297241,single device retry >> PASS,204_A1,14_r7 / 13033356,2025-05-01,1.2.0
2025-05-16,arm64-v8a,CtsMediaV2TestCases,android.mediav2.cts.CodecDecoderValidationTest#testDecodeAndValidate[25_c2.android.aac.decoder_audio/mp4a-latm],pass,java.lang.AssertionError: /storage/emulated/0/test/CtsMediaV2TestCases-3.6/audio/bbb_6ch_12kHz_s16le_3s.raw rms error too high ref/exp/got 34.979305/36.728268/647.255310,single device retry >> PASS,204_A1,14_r7 / 13033356,2025-05-01,1.2.0
2025-05-16,arm64-v8a,CtsMediaV2TestCases,android.mediav2.cts.CodecDecoderValidationTest#testDecodeAndValidate[29_c2.android.aac.decoder_audio/mp4a-latm],pass,java.lang.AssertionError: /storage/emulated/0/test/CtsMediaV2TestCases-3.6/audio/bbb_6ch_32kHz_s16le_3s.raw rms error too high ref/exp/got 33.927166/35.623524/646.897095,single device retry >> PASS,204_A1,14_r7 / 13033356,2025-05-01,1.2.0
2025-05-16,arm64-v8a,CtsMediaV2TestCases,android.mediav2.cts.CodecDecoderValidationTest#testDecodeAndValidate[58_c2.android.aac.decoder_audio/mp4a-latm],pass,java.lang.AssertionError: /storage/emulated/0/test/CtsMediaV2TestCases-3.6/audio/bbb_1ch_24kHz_s16le_3s.raw rms error too high ref/exp/got 26.498655/27.823587/427.673248,single device retry >> PASS,204_A1,14_r7 / 13033356,2025-05-01,1.2.0
2025-05-16,arm64-v8a,CtsMediaV2TestCases,android.mediav2.cts.CodecDecoderValidationTest#testDecodeAndValidate[61_c2.android.aac.decoder_audio/mp4a-latm],pass,java.lang.AssertionError: /storage/emulated/0/test/CtsMediaV2TestCases-3.6/audio/bbb_1ch_48kHz_s16le_3s.raw rms error too high ref/exp/got 33.148113/34.805519/427.994598,single device retry >> PASS,204_A1,14_r7 / 13033356,2025-05-01,1.2.0
2025-05-16,arm64-v8a,CtsMediaV2TestCases,android.mediav2.cts.CodecDecoderValidationTest#testDecodeAndValidate[65_c2.android.aac.decoder_audio/mp4a-latm],pass,java.lang.AssertionError: /storage/emulated/0/test/CtsMediaV2TestCases-3.6/audio/bbb_2ch_32kHz_s16le_3s.raw rms error too high ref/exp/got 27.790754/29.180290/454.419922,single device retry >> PASS,204_A1,14_r7 / 13033356,2025-05-01,1.2.0
2025-05-16,arm64-v8a,CtsMediaV2TestCases,android.mediav2.cts.CodecDecoderValidationTest#testDecodeAndValidate[2_c2.android.aac.decoder_audio/mp4a-latm],pass,java.lang.AssertionError: /storage/emulated/0/test/CtsMediaV2TestCases-3.6/audio/bbb_1ch_16kHz_s16le_3s.raw rms error too high ref/exp/got 21.368309/22.436724/428.570221,single device retry >> PASS,204_A1,14_r7 / 13033356,2025-05-01,1.2.0
2025-05-16,arm64-v8a,CtsMediaV2TestCases,android.mediav2.cts.CodecDecoderValidationTest#testDecodeAndValidate[8_c2.android.aac.decoder_audio/mp4a-latm],pass,java.lang.AssertionError: /storage/emulated/0/test/CtsMediaV2TestCases-3.6/audio/bbb_2ch_8kHz_s16le_3s.raw rms error too high ref/exp/got 26.381552/27.700628/455.072601,single device retry >> PASS,204_A1,14_r7 / 13033356,2025-05-01,1.2.0
2025-05-16,arm64-v8a,CtsMediaV2TestCases,android.mediav2.cts.CodecDecoderValidationTest#testDecodeAndValidate[11_c2.android.aac.decoder_audio/mp4a-latm],pass,java.lang.AssertionError: /storage/emulated/0/test/CtsMediaV2TestCases-3.6/audio/bbb_2ch_22kHz_s16le_3s.raw rms error too high ref/exp/got 25.334206/26.600914/455.264374,single device retry >> PASS,204_A1,14_r7 / 13033356,2025-05-01,1.2.0
2025-05-16,arm64-v8a,CtsMediaV2TestCases,android.mediav2.cts.CodecDecoderValidationTest#testDecodeAndValidate[13_c2.android.aac.decoder_audio/mp4a-latm],pass,java.lang.AssertionError: /storage/emulated/0/test/CtsMediaV2TestCases-3.6/audio/bbb_2ch_32kHz_s16le_3s.raw rms error too high ref/exp/got 27.312286/28.677900/455.729919,single device retry >> PASS,204_A1,14_r7 / 13033356,2025-05-01,1.2.0
2025-05-16,arm64-v8a,CtsMediaV2TestCases,android.mediav2.cts.CodecDecoderValidationTest#testDecodeAndValidate[17_c2.android.aac.decoder_audio/mp4a-latm],pass,java.lang.AssertionError: /storage/emulated/0/test/CtsMediaV2TestCases-3.6/audio/bbb_5ch_12kHz_s16le_3s.raw rms error too high ref/exp/got 35.983891/37.783085/708.908569,single device retry >> PASS,204_A1,14_r7 / 13033356,2025-05-01,1.2.0
2025-05-16,arm64-v8a,CtsMediaV2TestCases,android.mediav2.cts.CodecDecoderValidationTest#testDecodeAndValidate[19_c2.android.aac.decoder_audio/mp4a-latm],pass,java.lang.AssertionError: /storage/emulated/0/test/CtsMediaV2TestCases-3.6/audio/bbb_5ch_22kHz_s16le_3s.raw rms error too high ref/exp/got 39.286514/41.250839/708.566467,single device retry >> PASS,204_A1,14_r7 / 13033356,2025-05-01,1.2.0
2025-05-16,arm64-v8a,CtsMediaV2TestCases,android.mediav2.cts.CodecDecoderValidationTest#testDecodeAndValidate[22_c2.android.aac.decoder_audio/mp4a-latm],pass,java.lang.AssertionError: /storage/emulated/0/test/CtsMediaV2TestCases-3.6/audio/bbb_5ch_44kHz_s16le_3s.raw rms error too high ref/exp/got 43.891609/46.086189/709.077576,single device retry >> PASS,204_A1,14_r7 / 13033356,2025-05-01,1.2.0
2025-05-16,arm64-v8a,CtsMediaV2TestCases,android.mediav2.cts.CodecDecoderValidationTest#testDecodeAndValidate[28_c2.android.aac.decoder_audio/mp4a-latm],pass,java.lang.AssertionError: /storage/emulated/0/test/CtsMediaV2TestCases-3.6/audio/bbb_6ch_24kHz_s16le_3s.raw rms error too high ref/exp/got 30.333755/31.850441/646.926880,single device retry >> PASS,204_A1,14_r7 / 13033356,2025-05-01,1.2.0
2025-05-16,arm64-v8a,CtsMediaV2TestCases,android.mediav2.cts.CodecDecoderValidationTest#testDecodeAndValidate[31_c2.android.aac.decoder_audio/mp4a-latm],pass,java.lang.AssertionError: /storage/emulated/0/test/CtsMediaV2TestCases-3.6/audio/bbb_6ch_48kHz_s16le_3s.raw rms error too high ref/exp/got 31.033596/32.585274/646.602295,single device retry >> PASS,204_A1,14_r7 / 13033356,2025-05-01,1.2.0
2025-05-16,arm64-v8a,CtsMediaV2TestCases,android.mediav2.cts.CodecDecoderValidationTest#testDecodeAndValidate[59_c2.android.aac.decoder_audio/mp4a-latm],pass,java.lang.AssertionError: /storage/emulated/0/test/CtsMediaV2TestCases-3.6/audio/bbb_1ch_32kHz_s16le_3s.raw rms error too high ref/exp/got 31.468872/33.042313/427.943176,single device retry >> PASS,204_A1,14_r7 / 13033356,2025-05-01,1.2.0
2025-05-16,arm64-v8a,CtsMediaV2TestCases,android.mediav2.cts.CodecDecoderValidationTest#testDecodeAndValidate[64_c2.android.aac.decoder_audio/mp4a-latm],pass,java.lang.AssertionError: /storage/emulated/0/test/CtsMediaV2TestCases-3.6/audio/bbb_2ch_24kHz_s16le_3s.raw rms error too high ref/exp/got 26.977774/28.326660/454.526825,single device retry >> PASS,204_A1,14_r7 / 13033356,2025-05-01,1.2.0
2025-05-16,arm64-v8a,CtsMediaV2TestCases,android.mediav2.cts.CodecDecoderValidationTest#testDecodeAndValidate[1_c2.android.aac.decoder_audio/mp4a-latm],pass,java.lang.AssertionError: /storage/emulated/0/test/CtsMediaV2TestCases-3.6/audio/bbb_1ch_12kHz_s16le_3s.raw rms error too high ref/exp/got 23.380817/24.549858/429.169495,single device retry >> PASS,204_A1,14_r7 / 13033356,2025-05-01,1.2.0
2025-05-16,arm64-v8a,CtsMediaV2TestCases,android.mediav2.cts.CodecDecoderValidationTest#testDecodeAndValidate[5_c2.android.aac.decoder_audio/mp4a-latm],pass,java.lang.AssertionError: /storage/emulated/0/test/CtsMediaV2TestCases-3.6/audio/bbb_1ch_32kHz_s16le_3s.raw rms error too high ref/exp/got 28.642658/30.074789/429.556671,single device retry >> PASS,204_A1,14_r7 / 13033356,2025-05-01,1.2.0
2025-05-16,arm64-v8a,CtsMediaV2TestCases,android.mediav2.cts.CodecDecoderValidationTest#testDecodeAndValidate[9_c2.android.aac.decoder_audio/mp4a-latm],pass,java.lang.AssertionError: /storage/emulated/0/test/CtsMediaV2TestCases-3.6/audio/bbb_2ch_12kHz_s16le_3s.raw rms error too high ref/exp/got 21.934900/23.031645/455.738922,single device retry >> PASS,204_A1,14_r7 / 13033356,2025-05-01,1.2.0
2025-05-16,arm64-v8a,CtsMediaV2TestCases,android.mediav2.cts.CodecDecoderValidationTest#testDecodeAndValidate[12_c2.android.aac.decoder_audio/mp4a-latm],pass,java.lang.AssertionError: /storage/emulated/0/test/CtsMediaV2TestCases-3.6/audio/bbb_2ch_24kHz_s16le_3s.raw rms error too high ref/exp/got 25.653538/26.936213/455.635193,single device retry >> PASS,204_A1,14_r7 / 13033356,2025-05-01,1.2.0
2025-05-16,arm64-v8a,CtsMediaV2TestCases,android.mediav2.cts.CodecDecoderValidationTest#testDecodeAndValidate[16_c2.android.aac.decoder_audio/mp4a-latm],pass,java.lang.AssertionError: /storage/emulated/0/test/CtsMediaV2TestCases-3.6/audio/bbb_5ch_8kHz_s16le_3s.raw rms error too high ref/exp/got 43.121964/45.278061/707.954651,single device retry >> PASS,204_A1,14_r7 / 13033356,2025-05-01,1.2.0
2025-05-16,arm64-v8a,CtsMediaV2TestCases,android.mediav2.cts.CodecDecoderValidationTest#testDecodeAndValidate[23_c2.android.aac.decoder_audio/mp4a-latm],pass,java.lang.AssertionError: /storage/emulated/0/test/CtsMediaV2TestCases-3.6/audio/bbb_5ch_48kHz_s16le_3s.raw rms error too high ref/exp/got 44.275997/46.489796/708.672607,single device retry >> PASS,204_A1,14_r7 / 13033356,2025-05-01,1.2.0
2025-05-16,arm64-v8a,CtsMediaV2TestCases,android.mediav2.cts.CodecDecoderValidationTest#testDecodeAndValidate[27_c2.android.aac.decoder_audio/mp4a-latm],pass,java.lang.AssertionError: /storage/emulated/0/test/CtsMediaV2TestCases-3.6/audio/bbb_6ch_22kHz_s16le_3s.raw rms error too high ref/exp/got 29.440094/30.912098/646.526672,single device retry >> PASS,204_A1,14_r7 / 13033356,2025-05-01,1.2.0
2025-05-16,arm64-v8a,CtsMediaV2TestCases,android.mediav2.cts.CodecDecoderValidationTest#testDecodeAndValidate[30_c2.android.aac.decoder_audio/mp4a-latm],pass,java.lang.AssertionError: /storage/emulated/0/test/CtsMediaV2TestCases-3.6/audio/bbb_6ch_44kHz_s16le_3s.raw rms error too high ref/exp/got 31.733339/33.320004/647.200745,single device retry >> PASS,204_A1,14_r7 / 13033356,2025-05-01,1.2.0
2025-05-16,arm64-v8a,CtsMediaV2TestCases,android.mediav2.cts.CodecDecoderValidationTest#testDecodeAndValidate[63_c2.android.aac.decoder_audio/mp4a-latm],pass,java.lang.AssertionError: /storage/emulated/0/test/CtsMediaV2TestCases-3.6/audio/bbb_2ch_22kHz_s16le_3s.raw rms error too high ref/exp/got 24.979313/26.228277/454.218201,single device retry >> PASS,204_A1,14_r7 / 13033356,2025-05-01,1.2.0
2025-05-16,arm64-v8a,CtsMediaV2TestCases,android.mediav2.cts.CodecDecoderValidationTest#testDecodeAndValidate[67_c2.android.aac.decoder_audio/mp4a-latm],pass,java.lang.AssertionError: /storage/emulated/0/test/CtsMediaV2TestCases-3.6/audio/bbb_2ch_48kHz_s16le_3s.raw rms error too high ref/exp/got 29.183796/30.642984/454.589813,single device retry >> PASS,204_A1,14_r7 / 13033356,2025-05-01,1.2.0
2025-05-16,arm64-v8a,CtsMediaV2TestCases,android.mediav2.cts.CodecInfoTest#testHDRDisplayCapabilities[23_video/av01_c2.syna.video_decoder.av1],pass,java.lang.AssertionError: c2.syna.video_decoder.av1 Advertises support for HDR10/HDR10+ profile 4096 without any HDR display,LG Tv > HDR Adaptive >> retry >> PASS,204_A1,14_r7 / 13033356,2025-05-01,1.2.0
2025-05-16,arm64-v8a,CtsMediaV2TestCases,android.mediav2.cts.CodecInfoTest#testHDRDisplayCapabilities[26_video/hevc_c2.syna.video_decoder.hevc],pass,java.lang.AssertionError: c2.syna.video_decoder.hevc Advertises support for HDR10/HDR10+ profile 4096 without any HDR display,LG Tv > HDR Adaptive >> retry >> PASS,204_A1,14_r7 / 13033356,2025-05-01,1.2.0
2025-05-16,arm64-v8a,CtsMediaV2TestCases,android.mediav2.cts.CodecInfoTest#testHDRDisplayCapabilities[28_video/x-vnd.on2.vp9_c2.syna.video_decoder.vp9],pass,java.lang.AssertionError: c2.syna.video_decoder.vp9 Advertises support for HDR10/HDR10+ profile 4096 without any HDR display,LG Tv > HDR Adaptive >> retry >> PASS,204_A1,14_r7 / 13033356,2025-05-01,1.2.0
2025-05-16,armeabi-v7a,CtsMediaV2TestCases,android.mediav2.cts.CodecInfoTest#testHDRDisplayCapabilities[23_video/av01_c2.syna.video_decoder.av1],pass,java.lang.AssertionError: c2.syna.video_decoder.av1 Advertises support for HDR10/HDR10+ profile 4096 without any HDR display,LG Tv > HDR Adaptive >> retry >> PASS,204_A1,14_r7 / 13033356,2025-05-01,1.2.0
2025-05-16,armeabi-v7a,CtsMediaV2TestCases,android.mediav2.cts.CodecInfoTest#testHDRDisplayCapabilities[26_video/hevc_c2.syna.video_decoder.hevc],pass,java.lang.AssertionError: c2.syna.video_decoder.hevc Advertises support for HDR10/HDR10+ profile 4096 without any HDR display,LG Tv > HDR Adaptive >> retry >> PASS,204_A1,14_r7 / 13033356,2025-05-01,1.2.0
2025-05-16,armeabi-v7a,CtsMediaV2TestCases,android.mediav2.cts.CodecInfoTest#testHDRDisplayCapabilities[28_video/x-vnd.on2.vp9_c2.syna.video_decoder.vp9],pass,java.lang.AssertionError: c2.syna.video_decoder.vp9 Advertises support for HDR10/HDR10+ profile 4096 without any HDR display,LG Tv > HDR Adaptive >> retry >> PASS,204_A1,14_r7 / 13033356,2025-05-01,1.2.0
2025-05-16,arm64-v8a,CtsSecurityTestCases,android.security.cts.PackageSignatureTest#testPackageSignatures,pass,"junit.framework.AssertionFailedError: These packages should not be signed with a well known key: [android.media.audio.app, com.android.cts.tts.helper, com.google.android.cts.tts.helper2, com.android.cts.verifier, android.media.router.cts.provider_self_scan_only, android.hdmicec.app, android.media.router.cts.provider1, android.media.router.cts.provider2, android.media.router.cts.provider3, android.cts.backup.fullbackupapp, android.media.router.cts]",factory reset >> retry >> PASS,204_A1,14_r7 / 13033356,2025-05-01,1.2.0
2025-05-16,arm64-v8a,CtsVideoTestCases,"android.video.cts.VideoEncoderDecoderTest#testPerf[video/avc_c2.syna.video_encoder.avc_1,280x720_0]",pass,"java.lang.AssertionError: Expected achievable frame rates for c2.syna.video_encoder.avc video/avc 1280x720: [32.0, 60.0].",tv change?.. retry >> PASS,204_A1,14_r7 / 13033356,2025-05-01,1.2.0
2025-05-16,arm64-v8a,CtsWindowManagerBackgroundActivityTestCases,android.server.wm.BackgroundActivityLaunchTest#testBackgroundActivityWhenForegroundActivityNotTop_IsNotBlocked,pass,task for android.server.wm.backgroundactivity.appa/.BackgroundActivity,revert git commit() >> retry >> PASS,204_A1,14_r7 / 13033356,2025-05-01,1.2.0
2025-05-16,arm64-v8a,CtsWindowManagerBackgroundActivityTestCases,android.server.wm.BackgroundActivityLaunchTest#testBackgroundActivityNotBlockedWhenForegroundActivityTop,pass,task for android.server.wm.backgroundactivity.appa/.BackgroundActivity,revert git commit() >> retry >> PASS,204_A1,14_r7 / 13033356,2025-05-01,1.2.0
2025-05-16,arm64-v8a,CtsWindowManagerBackgroundActivityTestCases,android.server.wm.BackgroundActivityLaunchTest#testPendingIntentActivity_whenSenderAllowsBal_isNotBlocked,pass,java.lang.AssertionError: Not able to launch background activity,revert git commit() >> retry >> PASS,204_A1,14_r7 / 13033356,2025-05-01,1.2.0
2025-05-16,arm64-v8a,CtsWindowManagerBackgroundActivityTestCases,android.server.wm.BackgroundActivityLaunchTest#testPendingIntentBroadcastActivity_appBIsForegroundAndSdk33_isNotBlocked,pass,java.lang.AssertionError: Not able to launch background activity,revert git commit() >> retry >> PASS,204_A1,14_r7 / 13033356,2025-05-01,1.2.0
2025-05-16,arm64-v8a,CtsWindowManagerBackgroundActivityTestCases,android.server.wm.BackgroundActivityLaunchTest#testPendingIntentBroadcastActivity_appBIsForegroundAndAllowsBal_isNotBlocked,pass,java.lang.AssertionError: Not able to launch background activity,revert git commit() >> retry >> PASS,204_A1,14_r7 / 13033356,2025-05-01,1.2.0
2025-05-16,arm64-v8a,CtsWindowManagerBackgroundActivityTestCases,android.server.wm.BackgroundActivityLaunchTest#testBalOptInBindToService_whenNotOptedInAndSdk33_allowsActivityStart,pass,activity should be focused within 3000ms,revert git commit() >> retry >> PASS,204_A1,14_r7 / 13033356,2025-05-01,1.2.0
2025-05-16,arm64-v8a,CtsWindowManagerBackgroundActivityTestCases,android.server.wm.BackgroundActivityLaunchTest#testBackgroundActivity_withinGracePeriod_isNotBlocked,pass,java.lang.AssertionError: Should be able to launch background activity,revert git commit() >> retry >> PASS,204_A1,14_r7 / 13033356,2025-05-01,1.2.0
2025-05-16,arm64-v8a,CtsWindowManagerBackgroundActivityTestCases,android.server.wm.BackgroundActivityLaunchTest#testPendingIntentActivity_appAIsForeground_isNotBlocked,pass,java.lang.AssertionError: Not able to launch background activity,revert git commit() >> retry >> PASS,204_A1,14_r7 / 13033356,2025-05-01,1.2.0
2025-05-16,arm64-v8a,CtsWindowManagerBackgroundActivityTestCases,android.server.wm.BackgroundActivityLaunchTest#testPendingIntentBroadcastTimeout_delay1s,pass,java.lang.AssertionError: expected:&lt;true&gt; but was:&lt;false&gt;,revert git commit() >> retry >> PASS,204_A1,14_r7 / 13033356,2025-05-01,1.2.0
2025-05-16,arm64-v8a,CtsWindowManagerBackgroundActivityTestCases,android.server.wm.BackgroundActivityLaunchTest#testBalOptInBindToService_whenOptedIn_allowsActivityStarts,pass,activity should be focused within 3000ms,revert git commit() >> retry >> PASS,204_A1,14_r7 / 13033356,2025-05-01,1.2.0
2025-05-16,arm64-v8a,CtsWindowManagerBackgroundActivityTestCases,android.server.wm.BackgroundActivityLaunchTest#testPendingIntentBroadcastTimeout_noDelay,pass,java.lang.AssertionError: expected:&lt;true&gt; but was:&lt;false&gt;,revert git commit() >> retry >> PASS,204_A1,14_r7 / 13033356,2025-05-01,1.2.0
2025-05-16,arm64-v8a,CtsWindowManagerBackgroundActivityTestCases,android.server.wm.BackgroundActivityLaunchTest#testActivityFromBgActivityInFgTask_isNotBlocked,pass,org.junit.ComparisonFailure: The background activity must be able to launch from a visible task expected:&lt;...ckgroundactivity.app[a/.Back]groundActivity&gt; but was:&lt;...ckgroundactivity.app[b/.Fore]groundActivity&gt;,revert git commit() >> retry >> PASS,204_A1,14_r7 / 13033356,2025-05-01,1.2.0
2025-05-16,arm64-v8a,CtsWindowManagerDeviceTestCases,android.server.wm.TaskFragmentOrganizerPolicyTest#testStartAnotherAppActivityInTaskFragment,pass,java.lang.NullPointerException: Attempt to invoke virtual method 'boolean java.lang.String.equals(java.lang.Object)' on a null object reference,revert git commit() >> retry >> PASS,204_A1,14_r7 / 13033356,2025-05-01,1.2.0
2025-05-16,arm64-v8a,CtsWindowManagerDeviceTestCases,android.server.wm.TaskFragmentOrganizerPolicyTest#testStartAnotherAppActivityWithEmbeddedTaskFragments,pass,java.lang.NullPointerException: Attempt to invoke virtual method 'boolean java.lang.String.equals(java.lang.Object)' on a null object reference,revert git commit() >> retry >> PASS,204_A1,14_r7 / 13033356,2025-05-01,1.2.0
2025-05-16,arm64-v8a,CtsWindowManagerDeviceTestCases,android.server.wm.TaskFragmentOrganizerPolicyTest#testStartActivityFromAnotherProcessInNewTask_ThrowException,pass,java.lang.NullPointerException: Attempt to invoke virtual method 'boolean java.lang.String.equals(java.lang.Object)' on a null object reference,revert git commit() >> retry >> PASS,204_A1,14_r7 / 13033356,2025-05-01,1.2.0
2025-05-16,arm64-v8a,CtsWindowManagerDeviceTestCases,android.server.wm.TaskFragmentOrganizerPolicyTest#testStartActivityInTaskFragment_organizedTaskFragment,pass,java.lang.NullPointerException: Attempt to invoke virtual method 'boolean java.lang.String.equals(java.lang.Object)' on a null object reference,revert git commit() >> retry >> PASS,204_A1,14_r7 / 13033356,2025-05-01,1.2.0
2025-05-16,armeabi-v7a,CtsWindowManagerDeviceTestCases,android.server.wm.TaskFragmentOrganizerPolicyTest#testStartAnotherAppActivityInTaskFragment,pass,java.lang.NullPointerException: Attempt to invoke virtual method 'boolean java.lang.String.equals(java.lang.Object)' on a null object reference,revert git commit() >> retry >> PASS,204_A1,14_r7 / 13033356,2025-05-01,1.2.0
2025-05-16,armeabi-v7a,CtsWindowManagerDeviceTestCases,android.server.wm.TaskFragmentOrganizerPolicyTest#testStartAnotherAppActivityWithEmbeddedTaskFragments,pass,java.lang.NullPointerException: Attempt to invoke virtual method 'boolean java.lang.String.equals(java.lang.Object)' on a null object reference,revert git commit() >> retry >> PASS,204_A1,14_r7 / 13033356,2025-05-01,1.2.0
2025-05-16,armeabi-v7a,CtsWindowManagerDeviceTestCases,android.server.wm.TaskFragmentOrganizerPolicyTest#testStartActivityFromAnotherProcessInNewTask_ThrowException,pass,java.lang.NullPointerException: Attempt to invoke virtual method 'boolean java.lang.String.equals(java.lang.Object)' on a null object reference,revert git commit() >> retry >> PASS,204_A1,14_r7 / 13033356,2025-05-01,1.2.0
2025-05-16,armeabi-v7a,CtsWindowManagerDeviceTestCases,android.server.wm.TaskFragmentOrganizerPolicyTest#testStartActivityInTaskFragment_organizedTaskFragment,pass,java.lang.NullPointerException: Attempt to invoke virtual method 'boolean java.lang.String.equals(java.lang.Object)' on a null object reference,revert git commit() >> retry >> PASS,204_A1,14_r7 / 13033356,2025-05-01,1.2.0
2025-05-16,arm64-v8a,CtsWrapHwasanTestCases,,incomplete,,"arm64 fail >> apk install >> testing fail (sys crash?) >> synap, google reviewing",204_A1,14_r7 / 13033356,2025-05-01,1.2.0
2025-05-16,arm64-v8a,CtsHdmiCecHostTestCases,android.hdmicec.cts.common.HdmiCecInvalidMessagesTest#cect_IgnoreBroadcastedFromSameSource,pass,android.hdmicec.cts.error.CecClientWrapperException: Could not find CEC message ACTIVE_SOURCE,cec patch(cec bootup option false) >> retry >> PASS,204_A1,14_r7 / 13033356,2025-05-01,1.2.0
2025-05-26,arm64-v8a,CtsAttributionSourceTestCases,android.attributionsource.cts.RuntimePermissionsAppOpTrackingTest#testMicRecognitionMicRecoWithAttribution,pass,expected: true,"NF setting >> inno assistance mgn force stop >> PASS
android/vendor/innopia/apps/InnoAssistantManagerService/src/com/innopia/assistant/manager/AssistantManagerServiceImpl.java",,,,
2025-05-26,arm64-v8a,CtsDevicePolicyTestCases,android.devicepolicy.cts.AccountTest#noIncompatibleAccounts,pass,"Preconfigured accounts must have the feature android.account.DEVICE_OR_PROFILE_OWNER_ALLOWED (and not have the feature android.account.DEVICE_OR_PROFILE_OWNER_DISALLOWED) to enable compatibility with Android Enterprise
expected to be empty
but was: [AccountReference{user=User{id=0, name=Owner},account=Account {name=innoiktest@gmail.com, type=com.google}}]
        at android.devicepolicy.cts.AccountTest.noIncompatibleAccounts(AccountTest.java:54)",account all remove >> Retry >> PASS,,,,
2025-05-26,armeabi-v7a,CtsDevicePolicyTestCases,android.devicepolicy.cts.AccountTest#noIncompatibleAccounts,pass,"Preconfigured accounts must have the feature android.account.DEVICE_OR_PROFILE_OWNER_ALLOWED (and not have the feature android.account.DEVICE_OR_PROFILE_OWNER_DISALLOWED) to enable compatibility with Android Enterprise
expected to be empty
but was: [AccountReference{user=User{id=0, name=Owner},account=Account {name=innoiktest@gmail.com, type=com.google}}]
        at android.devicepolicy.cts.AccountTest.noIncompatibleAccounts(AccountTest.java:54)",account all remove >> Retry >> PASS,,,,
2025-05-26,arm64-v8a,CtsHdmiCecHostTestCases,android.hdmicec.cts.common.HdmiCecSystemStandbyTest#cect_HandleBroadcastStandby,pass,"MultipleFailureException, There were 2 errors:","tv change, , cec turn on/off OFF , Input ON, switch ON >> retry >> PASS",,,,
2025-05-26,arm64-v8a,CtsViewTestCases,android.view.cts.input.InputDeviceKeyLayoutMapTest#testLayoutKeyEvents,pass,java.lang.AssertionError: Did not receive KEYCODE_NUMPAD_RIGHT_PAREN,assitant select app >> disable >> PASS // keycode code change needed,,,,
2025-05-26,armeabi-v7a,CtsViewTestCases,android.view.cts.input.InputDeviceKeyLayoutMapTest#testLayoutKeyEvents,pass,java.lang.AssertionError: Did not receive KEYCODE_BUTTON_5,assitant select app >> disable >> PASS // keycode code change needed,,,,
2025-05-16,arm64-v8a,CtsHdmiCecHostTestCases,android.hdmicec.cts.common.HdmiCecPowerStatusTest#cect_hf4_6_8_userControlPressed_powerOn,pass,Device wakefulness is Asleep but expected to be Awake,cec patch(cec bootup option false) >> retry >> PASS,,,,
2025-05-16,arm64-v8a,CtsHdmiCecHostTestCases,android.hdmicec.cts.playback.HdmiCecDeviceSelectForPlaybackTest#cectDeviceSelectSameSource,pass,android.hdmicec.cts.error.CecClientWrapperException: Could not find CEC message ACTIVE_SOURCE,cec patch(cec bootup option false) >> retry >> PASS,,,,
2025-05-16,arm64-v8a,CtsHdmiCecHostTestCases,android.hdmicec.cts.playback.HdmiCecOneTouchPlayTest#cect_PairingActivity_OneTouchPlay,pass,android.hdmicec.cts.error.CecClientWrapperException: Could not find CEC message ACTIVE_SOURCE,cec patch(cec bootup option false) >> retry >> PASS,,,,
2025-05-16,arm64-v8a,CtsHdmiCecHostTestCases,android.hdmicec.cts.playback.HdmiCecOneTouchPlayTest#cect_11_2_1_1_OneTouchPlay,pass,android.hdmicec.cts.error.CecClientWrapperException: Could not find CEC message ACTIVE_SOURCE,cec patch(cec bootup option false) >> retry >> PASS,,,,
2025-05-16,arm64-v8a,CtsHdmiCecHostTestCases,android.hdmicec.cts.playback.HdmiCecPowerStatusTest#cect_hf4_6_7_setStreamPath_powerOn,pass,Device wakefulness is Asleep but expected to be Awake,cec patch(cec bootup option false) >> retry >> PASS,,,,
2025-05-16,arm64-v8a,CtsHdmiCecHostTestCases,android.hdmicec.cts.playback.HdmiCecRemoteControlPassThroughTest#cect_sendVolumeKeyPressToTv,pass,android.hdmicec.cts.error.CecClientWrapperException: Could not find CEC message USER_CONTROL_PRESSED,cec patch(cec bootup option false) >> retry >> PASS,,,,
2025-05-16,arm64-v8a,CtsHdmiCecHostTestCases,android.hdmicec.cts.playback.HdmiCecTvPowerToggleTest#cectTvPowerToggleTest_asleep_tvOff,pass,android.hdmicec.cts.error.CecClientWrapperException: Could not find CEC message ACTIVE_SOURCE,cec patch(cec bootup option false) >> retry >> PASS,,,,
2025-05-16,arm64-v8a,CtsHdmiCecHostTestCases,android.hdmicec.cts.playback.HdmiCecWakeupTest#cectOtpOnWakeupWhenPowerControlModeToBroadcast,pass,android.hdmicec.cts.error.CecClientWrapperException: Could not find CEC message ACTIVE_SOURCE,cec patch(cec bootup option false) >> retry >> PASS,,,,
2025-05-16,arm64-v8a,CtsHdmiCecHostTestCases,android.hdmicec.cts.playback.HdmiCecWakeupTest#cectOtpOnWakeupWhenPowerControlModeToTv,pass,android.hdmicec.cts.error.CecClientWrapperException: Could not find CEC message ACTIVE_SOURCE,cec patch(cec bootup option false) >> retry >> PASS,,,,
2025-05-16,arm64-v8a,CtsHdmiCecHostTestCases,android.hdmicec.cts.playback.HdmiCecWakeupTest#cectOtpOnWakeupWhenPowerControlModeToTvAndAudioSystem,pass,android.hdmicec.cts.error.CecClientWrapperException: Could not find CEC message ACTIVE_SOURCE,cec patch(cec bootup option false) >> retry >> PASS,,,,