Test_Date,Module,Test,result,Detail,description,FW_ver,Test_Tool_ver,Security_Patch,SDK_ver,ABI
2025-01-06,CtsAppSecurityHostTestCases,android.appsecurity.cts.AdoptableHostTest#testPrimaryStorage,pass,java.lang.AssertionError: Expected success string but found Failure [-6],,v12.G8V_DE.131B_20250106_user,android-cts-12_r14-linux_x86 / 12458034,2025-01-01,1.10.9,armeabi-v7a
2025-01-06,CtsAppTestCases,android.app.cts.SystemFeaturesTest#testCameraFeatures,pass,java.lang.AssertionError: PackageManager#hasSystemFeature should NOT return true for android.hardware.camera.any,,v12.G8V_DE.131B_20250106_user,android-cts-12_r14-linux_x86 / 12458034,2025-01-01,1.10.9,armeabi-v7a
2025-01-06, CtsAppTestCases[instant],android.app.cts.SystemFeaturesTest#testCameraFeatures,pass,java.lang.AssertionError: PackageManager#hasSystemFeature should NOT return true for android.hardware.camera.any,,v12.G8V_DE.131B_20250106_user,android-cts-12_r14-linux_x86 / 12458034,2025-01-01,1.10.9,armeabi-v7a
2025-01-06,CtsCameraTestCases,android.hardware.camera2.cts.CameraManagerTest#testCameraManagerGetDeviceIdList[1],pass,junit.framework.AssertionFailedError: External camera is not connected on device with FEATURE_CAMERA_EXTERNAL,,v12.G8V_DE.131B_20250106_user,android-cts-12_r14-linux_x86 / 12458034,2025-01-01,1.10.9,armeabi-v7a
2025-01-06,CtsCameraTestCases,android.hardware.cts.CameraTest#testCameraExternalConnected,pass,junit.framework.AssertionFailedError: Devices with external camera support must have a camera connected for testing,,v12.G8V_DE.131B_20250106_user,android-cts-12_r14-linux_x86 / 12458034,2025-01-01,1.10.9,armeabi-v7a
2025-01-06,CtsCameraTestCases[instant],android.hardware.camera2.cts.CameraManagerTest#testCameraManagerGetDeviceIdList[1],pass,junit.framework.AssertionFailedError: External camera is not connected on device with FEATURE_CAMERA_EXTERNAL,,v12.G8V_DE.131B_20250106_user,android-cts-12_r14-linux_x86 / 12458034,2025-01-01,1.10.9,armeabi-v7a
2025-01-06,CtsCameraTestCases[instant],android.hardware.cts.CameraTest#testCameraExternalConnected,pass,junit.framework.AssertionFailedError: Devices with external camera support must have a camera connected for testing,,v12.G8V_DE.131B_20250106_user,android-cts-12_r14-linux_x86 / 12458034,2025-01-01,1.10.9,armeabi-v7a
2025-01-06,CtsGraphicsTestCases,android.graphics.fonts.SystemEmojiTest#uniquePostScript,pass,java.io.IOException: name table not found.,"8db  patch reflect 
adb console : settings put global show_dolby_aac_mode_menu 1
Audio Output > Dolby AAC Mode OFF 
>>  device.mk 에 prop을 설정하여 8db disable 부분 추가하여 3PL에 보내기로함",v12.G8V_DE.131B_20250106_user,android-cts-12_r14-linux_x86 / 12458034,2025-01-01,1.10.9,armeabi-v7a
2025-01-06,CtsGraphicsTestCases[instant],android.graphics.fonts.SystemEmojiTest#uniquePostScript,pass,java.io.IOException: name table not found.,"8db  patch reflect 
adb console : settings put global show_dolby_aac_mode_menu 1
Audio Output > Dolby AAC Mode OFF 
>>  device.mk 에 prop을 설정하여 8db disable 부분 추가하여 3PL에 보내기로함",v12.G8V_DE.131B_20250106_user,android-cts-12_r14-linux_x86 / 12458034,2025-01-01,1.10.9,armeabi-v7a
2025-01-06,CtsMediaTestCases,android.media.cts.DecoderTest#testDecodeAacEldM4a,pass,junit.framework.AssertionFailedError: c2.android.aac.decoder: decoding error too big: 9678.61219390466,"8db  patch reflect 
adb console : settings put global show_dolby_aac_mode_menu 1
Audio Output > Dolby AAC Mode OFF 
>>  device.mk 에 prop을 설정하여 8db disable 부분 추가하여 3PL에 보내기로함",v12.G8V_DE.131B_20250106_user,android-cts-12_r14-linux_x86 / 12458034,2025-01-01,1.10.9,armeabi-v7a
2025-01-06,CtsMediaTestCases,android.media.cts.DecoderTest#testDecodeAacLcM4a,pass,junit.framework.AssertionFailedError: c2.android.aac.decoder: decoding error too big: 9684.105018017928,"8db  patch reflect 
adb console : settings put global show_dolby_aac_mode_menu 1
Audio Output > Dolby AAC Mode OFF 
>>  device.mk 에 prop을 설정하여 8db disable 부분 추가하여 3PL에 보내기로함",v12.G8V_DE.131B_20250106_user,android-cts-12_r14-linux_x86 / 12458034,2025-01-01,1.10.9,armeabi-v7a
2025-01-06,CtsMediaTestCases,android.media.cts.DecoderTest#testDecodeM4a,pass,junit.framework.AssertionFailedError: c2.android.aac.decoder: decoding error too big: 8747.288151192917,"8db  patch reflect 
adb console : settings put global show_dolby_aac_mode_menu 1
Audio Output > Dolby AAC Mode OFF 
>>  device.mk 에 prop을 설정하여 8db disable 부분 추가하여 3PL에 보내기로함",v12.G8V_DE.131B_20250106_user,android-cts-12_r14-linux_x86 / 12458034,2025-01-01,1.10.9,armeabi-v7a
2025-01-06,CtsMediaTestCases,android.media.cts.DecoderTest#testDecodeMonoM4a,pass,junit.framework.AssertionFailedError: c2.android.aac.decoder: samples at 0 don't match expected:&lt;11&gt; but was:&lt;24&gt;,"8db  patch reflect 
adb console : settings put global show_dolby_aac_mode_menu 1
Audio Output > Dolby AAC Mode OFF 
>>  device.mk 에 prop을 설정하여 8db disable 부분 추가하여 3PL에 보내기로함",v12.G8V_DE.131B_20250106_user,android-cts-12_r14-linux_x86 / 12458034,2025-01-01,1.10.9,armeabi-v7a
2025-01-06,CtsMediaTestCases,android.media.cts.DecoderTest#testDecodeWithEOSOnLastBuffer,pass,junit.framework.AssertionFailedError,"8db  patch reflect 
adb console : settings put global show_dolby_aac_mode_menu 1
Audio Output > Dolby AAC Mode OFF 
>>  device.mk 에 prop을 설정하여 8db disable 부분 추가하여 3PL에 보내기로함",v12.G8V_DE.131B_20250106_user,android-cts-12_r14-linux_x86 / 12458034,2025-01-01,1.10.9,armeabi-v7a
2025-01-06,CtsMediaTestCases,android.media.cts.DecoderTest#testFlush,pass,junit.framework.AssertionFailedError: first section amplitude too low,"8db  patch reflect 
adb console : settings put global show_dolby_aac_mode_menu 1
Audio Output > Dolby AAC Mode OFF 
>>  device.mk 에 prop을 설정하여 8db disable 부분 추가하여 3PL에 보내기로함",v12.G8V_DE.131B_20250106_user,android-cts-12_r14-linux_x86 / 12458034,2025-01-01,1.10.9,armeabi-v7a
2025-01-06,CtsMediaTestCases,android.media.cts.MediaCodecCapabilitiesTest#testGetMaxSupportedInstances,pass,"junit.framework.AssertionFailedError: In order to pass the test, please publish following codecs' concurrent instances limit in /etc/media_codecs.xml:","8db  patch reflect 
adb console : settings put global show_dolby_aac_mode_menu 1
Audio Output > Dolby AAC Mode OFF 
>>  device.mk 에 prop을 설정하여 8db disable 부분 추가하여 3PL에 보내기로함
-  android/device/synaptics/IMTM840A/media_codecs/media_codecs_berlin.xml
>> av1, av1.secure, avc 부분의 concurrent-instances 부분의 max 값을 조정
>> max 4 -> max 3 or max3 -> max 2 로 변경 
>> 수정을 해도 fail 나는 현상 있으나, shell script로 10회 이상 반복 테스트시 통과가 됨. 
-  android/frameworks/av/media/codec2/components/aac/C2SoftAacDec.cpp 
>> if (property_get_bool(PROP_DOLBY_AAC_MODE, false)) 부분 변경
>> PROP_DOLBY_AAC_MODE = persist.sys.dolby_aac_mode ",v12.G8V_DE.131B_20250106_user,android-cts-12_r14-linux_x86 / 12458034,2025-01-01,1.10.9,armeabi-v7a
2025-01-06,CtsMediaV2TestCases,android.mediav2.cts.CodecDecoderValidationTest#testDecodeAndValidate[0(c2.android.aac.decoder_audio/mp4a-latm)],pass,java.lang.AssertionError: audio/bbb_1ch_8kHz_s16le_3s.raw rms error too high ref/exp/got 26.907248/28.252609/428.759827,"8db  patch reflect 
adb console : settings put global show_dolby_aac_mode_menu 1
Audio Output > Dolby AAC Mode OFF 
>>  device.mk 에 prop을 설정하여 8db disable 부분 추가하여 3PL에 보내기로함",v12.G8V_DE.131B_20250106_user,android-cts-12_r14-linux_x86 / 12458034,2025-01-01,1.10.9,armeabi-v7a
2025-01-06,CtsMediaV2TestCases,android.mediav2.cts.CodecDecoderValidationTest#testDecodeAndValidate[1(c2.android.aac.decoder_audio/mp4a-latm)],pass,java.lang.AssertionError: audio/bbb_1ch_12kHz_s16le_3s.raw rms error too high ref/exp/got 23.366642/24.534973/429.168976,"8db  patch reflect 
adb console : settings put global show_dolby_aac_mode_menu 1
Audio Output > Dolby AAC Mode OFF 
>>  device.mk 에 prop을 설정하여 8db disable 부분 추가하여 3PL에 보내기로함",v12.G8V_DE.131B_20250106_user,android-cts-12_r14-linux_x86 / 12458034,2025-01-01,1.10.9,armeabi-v7a
2025-01-06,CtsMediaV2TestCases,android.mediav2.cts.CodecDecoderValidationTest#testDecodeAndValidate[2(c2.android.aac.decoder_audio/mp4a-latm)],pass,java.lang.AssertionError: audio/bbb_1ch_16kHz_s16le_3s.raw rms error too high ref/exp/got 21.354156/22.421864/428.569702,"8db  patch reflect 
adb console : settings put global show_dolby_aac_mode_menu 1
Audio Output > Dolby AAC Mode OFF 
>>  device.mk 에 prop을 설정하여 8db disable 부분 추가하여 3PL에 보내기로함",v12.G8V_DE.131B_20250106_user,android-cts-12_r14-linux_x86 / 12458034,2025-01-01,1.10.9,armeabi-v7a
2025-01-06,CtsMediaV2TestCases,android.mediav2.cts.CodecDecoderValidationTest#testDecodeAndValidate[3(c2.android.aac.decoder_audio/mp4a-latm)],pass,java.lang.AssertionError: audio/bbb_1ch_22kHz_s16le_3s.raw rms error too high ref/exp/got 25.980762/27.279799/429.026794,"8db  patch reflect 
adb console : settings put global show_dolby_aac_mode_menu 1
Audio Output > Dolby AAC Mode OFF 
>>  device.mk 에 prop을 설정하여 8db disable 부분 추가하여 3PL에 보내기로함",v12.G8V_DE.131B_20250106_user,android-cts-12_r14-linux_x86 / 12458034,2025-01-01,1.10.9,armeabi-v7a
2025-01-06,CtsMediaV2TestCases,android.mediav2.cts.CodecDecoderValidationTest#testDecodeAndValidate[4(c2.android.aac.decoder_audio/mp4a-latm)],pass,java.lang.AssertionError: audio/bbb_1ch_24kHz_s16le_3s.raw rms error too high ref/exp/got 26.362852/27.680994/428.840302,"8db  patch reflect 
adb console : settings put global show_dolby_aac_mode_menu 1
Audio Output > Dolby AAC Mode OFF 
>>  device.mk 에 prop을 설정하여 8db disable 부분 추가하여 3PL에 보내기로함",v12.G8V_DE.131B_20250106_user,android-cts-12_r14-linux_x86 / 12458034,2025-01-01,1.10.9,armeabi-v7a
2025-01-06,CtsMediaV2TestCases,android.mediav2.cts.CodecDecoderValidationTest#testDecodeAndValidate[5(c2.android.aac.decoder_audio/mp4a-latm)],pass,java.lang.AssertionError: audio/bbb_1ch_32kHz_s16le_3s.raw rms error too high ref/exp/got 28.635643/30.067423/429.555573,"8db  patch reflect 
adb console : settings put global show_dolby_aac_mode_menu 1
Audio Output > Dolby AAC Mode OFF 
>>  device.mk 에 prop을 설정하여 8db disable 부분 추가하여 3PL에 보내기로함",v12.G8V_DE.131B_20250106_user,android-cts-12_r14-linux_x86 / 12458034,2025-01-01,1.10.9,armeabi-v7a
2025-01-06,CtsMediaV2TestCases,android.mediav2.cts.CodecDecoderValidationTest#testDecodeAndValidate[6(c2.android.aac.decoder_audio/mp4a-latm)],pass,java.lang.AssertionError: audio/bbb_1ch_44kHz_s16le_3s.raw rms error too high ref/exp/got 29.291637/30.756218/429.284302,"8db  patch reflect 
adb console : settings put global show_dolby_aac_mode_menu 1
Audio Output > Dolby AAC Mode OFF 
>>  device.mk 에 prop을 설정하여 8db disable 부분 추가하여 3PL에 보내기로함",v12.G8V_DE.131B_20250106_user,android-cts-12_r14-linux_x86 / 12458034,2025-01-01,1.10.9,armeabi-v7a
2025-01-06,CtsMediaV2TestCases,android.mediav2.cts.CodecDecoderValidationTest#testDecodeAndValidate[7(c2.android.aac.decoder_audio/mp4a-latm)],pass,java.lang.AssertionError: audio/bbb_1ch_48kHz_s16le_3s.raw rms error too high ref/exp/got 29.325756/30.792042/429.046631,"8db  patch reflect 
adb console : settings put global show_dolby_aac_mode_menu 1
Audio Output > Dolby AAC Mode OFF 
>>  device.mk 에 prop을 설정하여 8db disable 부분 추가하여 3PL에 보내기로함",v12.G8V_DE.131B_20250106_user,android-cts-12_r14-linux_x86 / 12458034,2025-01-01,1.10.9,armeabi-v7a
2025-01-06,CtsMediaV2TestCases,android.mediav2.cts.CodecDecoderValidationTest#testDecodeAndValidate[8(c2.android.aac.decoder_audio/mp4a-latm)],pass,java.lang.AssertionError: audio/bbb_2ch_8kHz_s16le_3s.raw rms error too high ref/exp/got 26.362852/27.680994/455.072510,"8db  patch reflect 
adb console : settings put global show_dolby_aac_mode_menu 1
Audio Output > Dolby AAC Mode OFF 
>>  device.mk 에 prop을 설정하여 8db disable 부분 추가하여 3PL에 보내기로함",v12.G8V_DE.131B_20250106_user,android-cts-12_r14-linux_x86 / 12458034,2025-01-01,1.10.9,armeabi-v7a
2025-01-06,CtsMediaV2TestCases,android.mediav2.cts.CodecDecoderValidationTest#testDecodeAndValidate[9(c2.android.aac.decoder_audio/mp4a-latm)],pass,java.lang.AssertionError: audio/bbb_2ch_12kHz_s16le_3s.raw rms error too high ref/exp/got 21.931713/23.028297/455.737854,"8db  patch reflect 
adb console : settings put global show_dolby_aac_mode_menu 1
Audio Output > Dolby AAC Mode OFF 
>>  device.mk 에 prop을 설정하여 8db disable 부분 추가하여 3PL에 보내기로함",v12.G8V_DE.131B_20250106_user,android-cts-12_r14-linux_x86 / 12458034,2025-01-01,1.10.9,armeabi-v7a
2025-01-06,CtsMediaV2TestCases,android.mediav2.cts.CodecDecoderValidationTest#testDecodeAndValidate[10(c2.android.aac.decoder_audio/mp4a-latm)],pass,java.lang.AssertionError: audio/bbb_2ch_16kHz_s16le_3s.raw rms error too high ref/exp/got 22.068077/23.171480/455.326263,"8db  patch reflect 
adb console : settings put global show_dolby_aac_mode_menu 1
Audio Output > Dolby AAC Mode OFF 
>>  device.mk 에 prop을 설정하여 8db disable 부분 추가하여 3PL에 보내기로함",v12.G8V_DE.131B_20250106_user,android-cts-12_r14-linux_x86 / 12458034,2025-01-01,1.10.9,armeabi-v7a
2025-01-06,CtsMediaV2TestCases,android.mediav2.cts.CodecDecoderValidationTest#testDecodeAndValidate[11(c2.android.aac.decoder_audio/mp4a-latm)],pass,java.lang.AssertionError: audio/bbb_2ch_22kHz_s16le_3s.raw rms error too high ref/exp/got 25.317978/26.583876/455.263672,"8db  patch reflect 
adb console : settings put global show_dolby_aac_mode_menu 1
Audio Output > Dolby AAC Mode OFF 
>>  device.mk 에 prop을 설정하여 8db disable 부분 추가하여 3PL에 보내기로함",v12.G8V_DE.131B_20250106_user,android-cts-12_r14-linux_x86 / 12458034,2025-01-01,1.10.9,armeabi-v7a
2025-01-06,CtsMediaV2TestCases,android.mediav2.cts.CodecDecoderValidationTest#testDecodeAndValidate[12(c2.android.aac.decoder_audio/mp4a-latm)],pass,java.lang.AssertionError: audio/bbb_2ch_24kHz_s16le_3s.raw rms error too high ref/exp/got 25.651510/26.934084/455.634735,"8db  patch reflect 
adb console : settings put global show_dolby_aac_mode_menu 1
Audio Output > Dolby AAC Mode OFF 
>>  device.mk 에 prop을 설정하여 8db disable 부분 추가하여 3PL에 보내기로함",v12.G8V_DE.131B_20250106_user,android-cts-12_r14-linux_x86 / 12458034,2025-01-01,1.10.9,armeabi-v7a
2025-01-06,CtsMediaV2TestCases,android.mediav2.cts.CodecDecoderValidationTest#testDecodeAndValidate[13(c2.android.aac.decoder_audio/mp4a-latm)],pass,java.lang.AssertionError: audio/bbb_2ch_32kHz_s16le_3s.raw rms error too high ref/exp/got 27.294687/28.659420/455.729095,"8db  patch reflect 
adb console : settings put global show_dolby_aac_mode_menu 1
Audio Output > Dolby AAC Mode OFF 
>>  device.mk 에 prop을 설정하여 8db disable 부분 추가하여 3PL에 보내기로함",v12.G8V_DE.131B_20250106_user,android-cts-12_r14-linux_x86 / 12458034,2025-01-01,1.10.9,armeabi-v7a
2025-01-06,CtsMediaV2TestCases,android.mediav2.cts.CodecDecoderValidationTest#testDecodeAndValidate[14(c2.android.aac.decoder_audio/mp4a-latm)],pass,java.lang.AssertionError: audio/bbb_2ch_44kHz_s16le_3s.raw rms error too high ref/exp/got 27.313000/28.678648/455.760895,"8db  patch reflect 
adb console : settings put global show_dolby_aac_mode_menu 1
Audio Output > Dolby AAC Mode OFF 
>>  device.mk 에 prop을 설정하여 8db disable 부분 추가하여 3PL에 보내기로함",v12.G8V_DE.131B_20250106_user,android-cts-12_r14-linux_x86 / 12458034,2025-01-01,1.10.9,armeabi-v7a
2025-01-06,CtsMediaV2TestCases,android.mediav2.cts.CodecDecoderValidationTest#testDecodeAndValidate[15(c2.android.aac.decoder_audio/mp4a-latm)],pass,java.lang.AssertionError: audio/bbb_2ch_48kHz_s16le_3s.raw rms error too high ref/exp/got 27.676704/29.060539/455.425079,"8db  patch reflect 
adb console : settings put global show_dolby_aac_mode_menu 1
Audio Output > Dolby AAC Mode OFF 
>>  device.mk 에 prop을 설정하여 8db disable 부분 추가하여 3PL에 보내기로함",v12.G8V_DE.131B_20250106_user,android-cts-12_r14-linux_x86 / 12458034,2025-01-01,1.10.9,armeabi-v7a
2025-01-06,CtsMediaV2TestCases,android.mediav2.cts.CodecDecoderValidationTest#testDecodeAndValidate[16(c2.android.aac.decoder_audio/mp4a-latm)],pass,java.lang.AssertionError: audio/bbb_5ch_8kHz_s16le_3s.raw rms error too high ref/exp/got 43.116123/45.271927/707.954102,"8db  patch reflect 
adb console : settings put global show_dolby_aac_mode_menu 1
Audio Output > Dolby AAC Mode OFF 
>>  device.mk 에 prop을 설정하여 8db disable 부분 추가하여 3PL에 보내기로함",v12.G8V_DE.131B_20250106_user,android-cts-12_r14-linux_x86 / 12458034,2025-01-01,1.10.9,armeabi-v7a
2025-01-06,CtsMediaV2TestCases,android.mediav2.cts.CodecDecoderValidationTest#testDecodeAndValidate[17(c2.android.aac.decoder_audio/mp4a-latm)],pass,java.lang.AssertionError: audio/bbb_5ch_12kHz_s16le_3s.raw rms error too high ref/exp/got 35.972210/37.770821/708.908325,"8db  patch reflect 
adb console : settings put global show_dolby_aac_mode_menu 1
Audio Output > Dolby AAC Mode OFF 
>>  device.mk 에 prop을 설정하여 8db disable 부분 추가하여 3PL에 보내기로함",v12.G8V_DE.131B_20250106_user,android-cts-12_r14-linux_x86 / 12458034,2025-01-01,1.10.9,armeabi-v7a
2025-01-06,CtsMediaV2TestCases,android.mediav2.cts.CodecDecoderValidationTest#testDecodeAndValidate[18(c2.android.aac.decoder_audio/mp4a-latm)],pass,java.lang.AssertionError: audio/bbb_5ch_16kHz_s16le_3s.raw rms error too high ref/exp/got 32.710854/34.346394/709.117065,"8db  patch reflect 
adb console : settings put global show_dolby_aac_mode_menu 1
Audio Output > Dolby AAC Mode OFF 
>>  device.mk 에 prop을 설정하여 8db disable 부분 추가하여 3PL에 보내기로함",v12.G8V_DE.131B_20250106_user,android-cts-12_r14-linux_x86 / 12458034,2025-01-01,1.10.9,armeabi-v7a
2025-01-06,CtsMediaV2TestCases,android.mediav2.cts.CodecDecoderValidationTest#testDecodeAndValidate[19(c2.android.aac.decoder_audio/mp4a-latm)],pass,java.lang.AssertionError: audio/bbb_5ch_22kHz_s16le_3s.raw rms error too high ref/exp/got 39.281040/41.245090/708.566162,"8db  patch reflect 
adb console : settings put global show_dolby_aac_mode_menu 1
Audio Output > Dolby AAC Mode OFF 
>>  device.mk 에 prop을 설정하여 8db disable 부분 추가하여 3PL에 보내기로함",v12.G8V_DE.131B_20250106_user,android-cts-12_r14-linux_x86 / 12458034,2025-01-01,1.10.9,armeabi-v7a
2025-01-06,CtsMediaV2TestCases,android.mediav2.cts.CodecDecoderValidationTest#testDecodeAndValidate[20(c2.android.aac.decoder_audio/mp4a-latm)],pass,java.lang.AssertionError: audio/bbb_5ch_24kHz_s16le_3s.raw rms error too high ref/exp/got 40.951191/42.998749/708.786316,"8db  patch reflect 
adb console : settings put global show_dolby_aac_mode_menu 1
Audio Output > Dolby AAC Mode OFF 
>>  device.mk 에 prop을 설정하여 8db disable 부분 추가하여 3PL에 보내기로함",v12.G8V_DE.131B_20250106_user,android-cts-12_r14-linux_x86 / 12458034,2025-01-01,1.10.9,armeabi-v7a
2025-01-06,CtsMediaV2TestCases,android.mediav2.cts.CodecDecoderValidationTest#testDecodeAndValidate[21(c2.android.aac.decoder_audio/mp4a-latm)],pass,java.lang.AssertionError: audio/bbb_5ch_32kHz_s16le_3s.raw rms error too high ref/exp/got 49.436829/51.908669/709.296814,"8db  patch reflect 
adb console : settings put global show_dolby_aac_mode_menu 1
Audio Output > Dolby AAC Mode OFF 
>>  device.mk 에 prop을 설정하여 8db disable 부분 추가하여 3PL에 보내기로함",v12.G8V_DE.131B_20250106_user,android-cts-12_r14-linux_x86 / 12458034,2025-01-01,1.10.9,armeabi-v7a
2025-01-06,CtsMediaV2TestCases,android.mediav2.cts.CodecDecoderValidationTest#testDecodeAndValidate[22(c2.android.aac.decoder_audio/mp4a-latm)],pass,java.lang.AssertionError: audio/bbb_5ch_44kHz_s16le_3s.raw rms error too high ref/exp/got 43.886215/46.080524/709.076843,"8db  patch reflect 
adb console : settings put global show_dolby_aac_mode_menu 1
Audio Output > Dolby AAC Mode OFF 
>>  device.mk 에 prop을 설정하여 8db disable 부분 추가하여 3PL에 보내기로함",v12.G8V_DE.131B_20250106_user,android-cts-12_r14-linux_x86 / 12458034,2025-01-01,1.10.9,armeabi-v7a
2025-01-06,CtsMediaV2TestCases,android.mediav2.cts.CodecDecoderValidationTest#testDecodeAndValidate[23(c2.android.aac.decoder_audio/mp4a-latm)],pass,java.lang.AssertionError: audio/bbb_5ch_48kHz_s16le_3s.raw rms error too high ref/exp/got 44.271889/46.485481/708.671997,"8db  patch reflect 
adb console : settings put global show_dolby_aac_mode_menu 1
Audio Output > Dolby AAC Mode OFF 
>>  device.mk 에 prop을 설정하여 8db disable 부분 추가하여 3PL에 보내기로함",v12.G8V_DE.131B_20250106_user,android-cts-12_r14-linux_x86 / 12458034,2025-01-01,1.10.9,armeabi-v7a
2025-01-06,CtsMediaV2TestCases,android.mediav2.cts.CodecDecoderValidationTest#testDecodeAndValidate[24(c2.android.aac.decoder_audio/mp4a-latm)],pass,java.lang.AssertionError: audio/bbb_6ch_8kHz_s16le_3s.raw rms error too high ref/exp/got 39.661064/41.644115/646.236816,"8db  patch reflect 
adb console : settings put global show_dolby_aac_mode_menu 1
Audio Output > Dolby AAC Mode OFF 
>>  device.mk 에 prop을 설정하여 8db disable 부분 추가하여 3PL에 보내기로함",v12.G8V_DE.131B_20250106_user,android-cts-12_r14-linux_x86 / 12458034,2025-01-01,1.10.9,armeabi-v7a
2025-01-06,CtsMediaV2TestCases,android.mediav2.cts.CodecDecoderValidationTest#testDecodeAndValidate[25(c2.android.aac.decoder_audio/mp4a-latm)],pass,java.lang.AssertionError: audio/bbb_6ch_12kHz_s16le_3s.raw rms error too high ref/exp/got 34.971416/36.719986/647.254944,"8db  patch reflect 
adb console : settings put global show_dolby_aac_mode_menu 1
Audio Output > Dolby AAC Mode OFF 
>>  device.mk 에 prop을 설정하여 8db disable 부분 추가하여 3PL에 보내기로함",v12.G8V_DE.131B_20250106_user,android-cts-12_r14-linux_x86 / 12458034,2025-01-01,1.10.9,armeabi-v7a
2025-01-06,CtsMediaV2TestCases,android.mediav2.cts.CodecDecoderValidationTest#testDecodeAndValidate[26(c2.android.aac.decoder_audio/mp4a-latm)],pass,java.lang.AssertionError: audio/bbb_6ch_16kHz_s16le_3s.raw rms error too high ref/exp/got 29.068884/30.522327/647.404053,"8db  patch reflect 
adb console : settings put global show_dolby_aac_mode_menu 1
Audio Output > Dolby AAC Mode OFF 
>>  device.mk 에 prop을 설정하여 8db disable 부분 추가하여 3PL에 보내기로함",v12.G8V_DE.131B_20250106_user,android-cts-12_r14-linux_x86 / 12458034,2025-01-01,1.10.9,armeabi-v7a
2025-01-06,CtsMediaV2TestCases,android.mediav2.cts.CodecDecoderValidationTest#testDecodeAndValidate[27(c2.android.aac.decoder_audio/mp4a-latm)],pass,java.lang.AssertionError: audio/bbb_6ch_22kHz_s16le_3s.raw rms error too high ref/exp/got 29.427877/30.899269/646.526123,"8db  patch reflect 
adb console : settings put global show_dolby_aac_mode_menu 1
Audio Output > Dolby AAC Mode OFF 
>>  device.mk 에 prop을 설정하여 8db disable 부분 추가하여 3PL에 보내기로함",v12.G8V_DE.131B_20250106_user,android-cts-12_r14-linux_x86 / 12458034,2025-01-01,1.10.9,armeabi-v7a
2025-01-06,CtsMediaV2TestCases,android.mediav2.cts.CodecDecoderValidationTest#testDecodeAndValidate[28(c2.android.aac.decoder_audio/mp4a-latm)],pass,java.lang.AssertionError: audio/bbb_6ch_24kHz_s16le_3s.raw rms error too high ref/exp/got 30.331501/31.848074/646.926575,"8db  patch reflect 
adb console : settings put global show_dolby_aac_mode_menu 1
Audio Output > Dolby AAC Mode OFF 
>>  device.mk 에 prop을 설정하여 8db disable 부분 추가하여 3PL에 보내기로함",v12.G8V_DE.131B_20250106_user,android-cts-12_r14-linux_x86 / 12458034,2025-01-01,1.10.9,armeabi-v7a
2025-01-06,CtsMediaV2TestCases,android.mediav2.cts.CodecDecoderValidationTest#testDecodeAndValidate[29(c2.android.aac.decoder_audio/mp4a-latm)],pass,java.lang.AssertionError: audio/bbb_6ch_32kHz_s16le_3s.raw rms error too high ref/exp/got 33.926392/35.622711/646.896423,"8db  patch reflect 
adb console : settings put global show_dolby_aac_mode_menu 1
Audio Output > Dolby AAC Mode OFF 
>>  device.mk 에 prop을 설정하여 8db disable 부분 추가하여 3PL에 보내기로함",v12.G8V_DE.131B_20250106_user,android-cts-12_r14-linux_x86 / 12458034,2025-01-01,1.10.9,armeabi-v7a
2025-01-06,CtsMediaV2TestCases,android.mediav2.cts.CodecDecoderValidationTest#testDecodeAndValidate[30(c2.android.aac.decoder_audio/mp4a-latm)],pass,java.lang.AssertionError: audio/bbb_6ch_44kHz_s16le_3s.raw rms error too high ref/exp/got 31.733263/33.319923/647.200134,"8db  patch reflect 
adb console : settings put global show_dolby_aac_mode_menu 1
Audio Output > Dolby AAC Mode OFF 
>>  device.mk 에 prop을 설정하여 8db disable 부분 추가하여 3PL에 보내기로함",v12.G8V_DE.131B_20250106_user,android-cts-12_r14-linux_x86 / 12458034,2025-01-01,1.10.9,armeabi-v7a
2025-01-06,CtsMediaV2TestCases,android.mediav2.cts.CodecDecoderValidationTest#testDecodeAndValidate[31(c2.android.aac.decoder_audio/mp4a-latm)],pass,java.lang.AssertionError: audio/bbb_6ch_48kHz_s16le_3s.raw rms error too high ref/exp/got 31.032242/32.583851/646.601868,"8db  patch reflect 
adb console : settings put global show_dolby_aac_mode_menu 1
Audio Output > Dolby AAC Mode OFF 
>>  device.mk 에 prop을 설정하여 8db disable 부분 추가하여 3PL에 보내기로함",v12.G8V_DE.131B_20250106_user,android-cts-12_r14-linux_x86 / 12458034,2025-01-01,1.10.9,armeabi-v7a
2025-01-06,CtsMediaV2TestCases,android.mediav2.cts.CodecDecoderValidationTest#testDecodeAndValidate[51(c2.android.aac.decoder_audio/mp4a-latm)],pass,java.lang.AssertionError: audio/bbb_1ch_22kHz_s16le_3s.raw rms error too high ref/exp/got 24.959969/26.207966/427.442383,"8db  patch reflect 
adb console : settings put global show_dolby_aac_mode_menu 1
Audio Output > Dolby AAC Mode OFF 
>>  device.mk 에 prop을 설정하여 8db disable 부분 추가하여 3PL에 보내기로함",v12.G8V_DE.131B_20250106_user,android-cts-12_r14-linux_x86 / 12458034,2025-01-01,1.10.9,armeabi-v7a
2025-01-06,CtsMediaV2TestCases,android.mediav2.cts.CodecDecoderValidationTest#testDecodeAndValidate[52(c2.android.aac.decoder_audio/mp4a-latm)],pass,java.lang.AssertionError: audio/bbb_1ch_24kHz_s16le_3s.raw rms error too high ref/exp/got 26.495283/27.820045/427.672760,"8db  patch reflect 
adb console : settings put global show_dolby_aac_mode_menu 1
Audio Output > Dolby AAC Mode OFF 
>>  device.mk 에 prop을 설정하여 8db disable 부분 추가하여 3PL에 보내기로함",v12.G8V_DE.131B_20250106_user,android-cts-12_r14-linux_x86 / 12458034,2025-01-01,1.10.9,armeabi-v7a
2025-01-06,CtsMediaV2TestCases,android.mediav2.cts.CodecDecoderValidationTest#testDecodeAndValidate[53(c2.android.aac.decoder_audio/mp4a-latm)],pass,java.lang.AssertionError: audio/bbb_1ch_32kHz_s16le_3s.raw rms error too high ref/exp/got 31.464266/33.037479/427.942749,"8db  patch reflect 
adb console : settings put global show_dolby_aac_mode_menu 1
Audio Output > Dolby AAC Mode OFF 
>>  device.mk 에 prop을 설정하여 8db disable 부분 추가하여 3PL에 보내기로함",v12.G8V_DE.131B_20250106_user,android-cts-12_r14-linux_x86 / 12458034,2025-01-01,1.10.9,armeabi-v7a
2025-01-06,CtsMediaV2TestCases,android.mediav2.cts.CodecDecoderValidationTest#testDecodeAndValidate[54(c2.android.aac.decoder_audio/mp4a-latm)],pass,java.lang.AssertionError: audio/bbb_1ch_44kHz_s16le_3s.raw rms error too high ref/exp/got 33.852623/35.545254/428.221893,"8db  patch reflect 
adb console : settings put global show_dolby_aac_mode_menu 1
Audio Output > Dolby AAC Mode OFF 
>>  device.mk 에 prop을 설정하여 8db disable 부분 추가하여 3PL에 보내기로함",v12.G8V_DE.131B_20250106_user,android-cts-12_r14-linux_x86 / 12458034,2025-01-01,1.10.9,armeabi-v7a
2025-01-06,CtsMediaV2TestCases,android.mediav2.cts.CodecDecoderValidationTest#testDecodeAndValidate[55(c2.android.aac.decoder_audio/mp4a-latm)],pass,java.lang.AssertionError: audio/bbb_1ch_48kHz_s16le_3s.raw rms error too high ref/exp/got 33.136082/34.792885/427.994171,"8db  patch reflect 
adb console : settings put global show_dolby_aac_mode_menu 1
Audio Output > Dolby AAC Mode OFF 
>>  device.mk 에 prop을 설정하여 8db disable 부분 추가하여 3PL에 보내기로함",v12.G8V_DE.131B_20250106_user,android-cts-12_r14-linux_x86 / 12458034,2025-01-01,1.10.9,armeabi-v7a
2025-01-06,CtsMediaV2TestCases,android.mediav2.cts.CodecDecoderValidationTest#testDecodeAndValidate[57(c2.android.aac.decoder_audio/mp4a-latm)],pass,java.lang.AssertionError: audio/bbb_2ch_22kHz_s16le_3s.raw rms error too high ref/exp/got 24.959969/26.207966/454.218018,"8db  patch reflect 
adb console : settings put global show_dolby_aac_mode_menu 1
Audio Output > Dolby AAC Mode OFF 
>>  device.mk 에 prop을 설정하여 8db disable 부분 추가하여 3PL에 보내기로함",v12.G8V_DE.131B_20250106_user,android-cts-12_r14-linux_x86 / 12458034,2025-01-01,1.10.9,armeabi-v7a
2025-01-06,CtsMediaV2TestCases,android.mediav2.cts.CodecDecoderValidationTest#testDecodeAndValidate[58(c2.android.aac.decoder_audio/mp4a-latm)],pass,java.lang.AssertionError: audio/bbb_2ch_24kHz_s16le_3s.raw rms error too high ref/exp/got 26.962938/28.311085/454.526123,"8db  patch reflect 
adb console : settings put global show_dolby_aac_mode_menu 1
Audio Output > Dolby AAC Mode OFF 
>>  device.mk 에 prop을 설정하여 8db disable 부분 추가하여 3PL에 보내기로함",v12.G8V_DE.131B_20250106_user,android-cts-12_r14-linux_x86 / 12458034,2025-01-01,1.10.9,armeabi-v7a
2025-01-06,CtsMediaV2TestCases,android.mediav2.cts.CodecDecoderValidationTest#testDecodeAndValidate[59(c2.android.aac.decoder_audio/mp4a-latm)],pass,java.lang.AssertionError: audio/bbb_2ch_32kHz_s16le_3s.raw rms error too high ref/exp/got 27.784887/29.174129/454.419403,"8db  patch reflect 
adb console : settings put global show_dolby_aac_mode_menu 1
Audio Output > Dolby AAC Mode OFF 
>>  device.mk 에 prop을 설정하여 8db disable 부분 추가하여 3PL에 보내기로함",v12.G8V_DE.131B_20250106_user,android-cts-12_r14-linux_x86 / 12458034,2025-01-01,1.10.9,armeabi-v7a
2025-01-06,CtsMediaV2TestCases,android.mediav2.cts.CodecDecoderValidationTest#testDecodeAndValidate[60(c2.android.aac.decoder_audio/mp4a-latm)],pass,java.lang.AssertionError: audio/bbb_2ch_44kHz_s16le_3s.raw rms error too high ref/exp/got 29.223278/30.684441/454.729584,"8db  patch reflect 
adb console : settings put global show_dolby_aac_mode_menu 1
Audio Output > Dolby AAC Mode OFF 
>>  device.mk 에 prop을 설정하여 8db disable 부분 추가하여 3PL에 보내기로함",v12.G8V_DE.131B_20250106_user,android-cts-12_r14-linux_x86 / 12458034,2025-01-01,1.10.9,armeabi-v7a
2025-01-06,CtsMediaV2TestCases,android.mediav2.cts.CodecDecoderValidationTest#testDecodeAndValidate[61(c2.android.aac.decoder_audio/mp4a-latm)],pass,java.lang.AssertionError: audio/bbb_2ch_48kHz_s16le_3s.raw rms error too high ref/exp/got 29.171904/30.630497/454.588837,"8db  patch reflect 
adb console : settings put global show_dolby_aac_mode_menu 1
Audio Output > Dolby AAC Mode OFF 
>>  device.mk 에 prop을 설정하여 8db disable 부분 추가하여 3PL에 보내기로함",v12.G8V_DE.131B_20250106_user,android-cts-12_r14-linux_x86 / 12458034,2025-01-01,1.10.9,armeabi-v7a
2025-01-06,CtsMediaV2TestCases,android.net.cts.DnsResolverTest#testRawQueryNXDomainInlineWithPrivateDns,pass,java.lang.AssertionError: RawQuery test1-nx.metric.gstatic.com with private DNS wait private DNS setting timeout,ipv6 wifi connect  pass ,v12.G8V_DE.131B_20250106_user,android-cts-12_r14-linux_x86 / 12458034,2025-01-01,1.10.9,armeabi-v7a
2025-01-06,CtsMediaV2TestCases,android.net.cts.DnsResolverTest#testRawQueryNXDomainWithPrivateDns,pass,java.lang.AssertionError: RawQuery test1-nx.metric.gstatic.com with private DNS wait private DNS setting timeout,ipv6 wifi connect  pass ,v12.G8V_DE.131B_20250106_user,android-cts-12_r14-linux_x86 / 12458034,2025-01-01,1.10.9,armeabi-v7a
2025-01-06,CtsMediaV2TestCases,android.net.cts.MultinetworkApiTest#testNativeDatagramTransmission,pass,"android.system.ErrnoException: DatagramCheck on [type: WIFI[], state: CONNECTED/CONNECTED, reason: (unspecified), extra: , failover: false, available: true, roaming: false] failed: EPROTO (Protocol error)",ipv6 wifi connect  pass ,v12.G8V_DE.131B_20250106_user,android-cts-12_r14-linux_x86 / 12458034,2025-01-01,1.10.9,armeabi-v7a
2025-01-06,CtsMediaV2TestCases,android.net.cts.MultinetworkApiTest#testResNApiNXDomainPrivateDns,pass,java.lang.AssertionError: NxDomain test wait private DNS setting timeout,ipv6 wifi connect  pass ,v12.G8V_DE.131B_20250106_user,android-cts-12_r14-linux_x86 / 12458034,2025-01-01,1.10.9,armeabi-v7a
2025-01-06,CtsMediaV2TestCases,android.net.cts.DnsTest#testDnsWorks,pass,"junit.framework.AssertionFailedError: Default network did not provide IPv6 connectivity after 5000ms. Please connect to an IPv6-capable network. lp={InterfaceName: wlan0 LinkAddresses: [ fe80::c53f:3625:7104:2988/64,10.0.0.24/24 ] DnsAddresses: [ /10.0.0.1 ] Domains: null MTU: 0 ServerAddress: /10.0.0.1 TcpBufferSizes: 524288,1048576,2097152,262144,524288,1048576 Routes: [ fe80::/64 -&gt; :: wlan0 mtu 0,10.0.0.0/24 -&gt; 0.0.0.0 wlan0 mtu 0,0.0.0.0/0 -&gt; 10.0.0.1 wlan0 mtu 0 ]}",ipv6 wifi connect  pass ,v12.G8V_DE.131B_20250106_user,android-cts-12_r14-linux_x86 / 12458034,2025-01-01,1.10.9,armeabi-v7a
2025-01-06,CtsNetTestCases[instant],android.net.cts.MultinetworkApiTest#testNativeDatagramTransmission,pass,"android.system.ErrnoException: DatagramCheck on [type: WIFI[], state: CONNECTED/CONNECTED, reason: (unspecified), extra: , failover: false, available: true, roaming: false] failed: EPROTO (Protocol error)",ipv6 wifi connect  pass ,v12.G8V_DE.131B_20250106_user,android-cts-12_r14-linux_x86 / 12458034,2025-01-01,1.10.9,armeabi-v7a
2025-01-06,CtsNetTestCases[instant],android.net.cts.DnsTest#testDnsWorks,pass,"junit.framework.AssertionFailedError: Default network did not provide IPv6 connectivity after 5000ms. Please connect to an IPv6-capable network. lp={InterfaceName: wlan0 LinkAddresses: [ fe80::c53f:3625:7104:2988/64,10.0.0.24/24 ] DnsAddresses: [ /10.0.0.1 ] Domains: null MTU: 0 ServerAddress: /10.0.0.1 TcpBufferSizes: 524288,1048576,2097152,262144,524288,1048576 Routes: [ fe80::/64 -&gt; :: wlan0 mtu 0,10.0.0.0/24 -&gt; 0.0.0.0 wlan0 mtu 0,0.0.0.0/0 -&gt; 10.0.0.1 wlan0 mtu 0 ]}",ipv6 wifi connect  pass ,v12.G8V_DE.131B_20250106_user,android-cts-12_r14-linux_x86 / 12458034,2025-01-01,1.10.9,armeabi-v7a
2025-01-06,CtsHdmiCecHostTestCases,android.hdmicec.cts.common.HdmiCecStartupTest#cectVerifyStartupMessages_Cec14b,pass,"Unexpected messages sent by the device
expected to be empty
but was: [8e]
        at android.hdmicec.cts.common.HdmiCecStartupTest.cectVerifyStartupMessages_Cec14b(HdmiCecStartupTest.java:88)

>> cec msg control  >> android/framework/base/services/core/java/com/android/server/hdmi/HdmiCecLocalDevicePlayback.java

mService.updateBootStatusForCec(true); -> mService.updateBootStatusForCec(false);","dfdfdfdfdf==================== android.hdmicec.cts.common.HdmiCecStartupTest#cectVerifyStartupMessages_Cec14b ENDED: Wed Jan 08 14:21:05 KST 2025 ====================
01-08 14:21:05 I/ModuleListener: [6/7] 922100V1002S50000026 com.android.compatibility.common.tradefed.testtype.JarHostTest android.hdmicec.cts.common.HdmiCecStartupTest#cectVerifyStartupMessages_Cec14b FAILURE: Unexpected messages sent by the device
expected to be empty
but was: [0d, 8e]
        at android.hdmicec.cts.common.HdmiCecStartupTest.cectVerifyStartupMessages_Cec14b(HdmiCecStartupTest.java:99)
01-08 14:21:05 D/PrettyTestEventLogger: 
==================== android.hdmicec.cts.playback.HdmiCecStartupTest#No Tests STARTED: Wed Jan 08 14:21:05 KST 2025 ===============G84=====
>>  아래 수정사항 반영한뒤 해당 테스트만 진행 android/framework/base/services/core/java/com/android/server/hdmi/HdmiCecLocalDevicePlayback.java
mService.updateBootStatusForCec(true); -> mService.updateBootStatusForCec(false);
TV CEC OFF,  STB CEC 고급메뉴 비활성화
추후 업데이트 시 반영하거나 타이밍 부여하거나 다른 솔루션 찾아서 진행 (정수석님)",v12.G8V_DE.131B_20250106_user,android-cts-12_r14-linux_x86 / 12458034,2025-01-01,1.10.9,armeabi-v7a
2025-01-06,CtsHdmiCecHostTestCases,android.hdmicec.cts.common.HdmiCecSystemStandbyTest#cect_HandleBroadcastStandby,pass,value of: trim(),,v12.G8V_DE.131B_20250106_user,android-cts-12_r14-linux_x86 / 12458034,2025-01-01,1.10.9,armeabi-v7a
2025-01-06,CtsHdmiCecHostTestCases,android.hdmicec.cts.common.HdmiCecSystemStandbyTest#cect_HandleAddressedStandby,pass,value of: trim(),,v12.G8V_DE.131B_20250106_user,android-cts-12_r14-linux_x86 / 12458034,2025-01-01,1.10.9,armeabi-v7a
2024-11-27,CtsAppTestCases,android.app.cts.ActivityManagerTest#testTrimAppChildProcess,pass,java.lang.IllegalStateException: Timed out waiting for next line: uid=10112 cmd=procstate procState=TOP capability=null,"iCX app -> disable -> PASS  (3PL not allowed)
icx app -> clean data clean cache >> PASS (250207)",v12.G8V_DE.131_20241125,android-cts-12_r14-linux_x86,2024-11-01,1.10.9,armeabi-v7a
2024-11-27,CtsAppTestCases[instant],android.app.cts.ActivityManagerTest#testTrimAppChildProcess,pass,java.lang.IllegalStateException: Timed out waiting for next line: uid=10112 cmd=procstate procState=TOP capability=null,"iCX app -> disable -> PASS  (3PL not allowed)
icx app -> clean data clean cache >> PASS (250207)",v12.G8V_DE.131_20241125,android-cts-12_r14-linux_x86,2024-11-01,1.10.9,armeabi-v7a
2024-11-07,CtsMediaTestCases,android.media.cts.DecoderTest#testDecodeAacEldM4a,fail,junit.framework.AssertionFailedError: c2.android.aac.decoder: decoding error too big: 9678.61219390466,2024-11-07 : Dolby 8db 관련 android framework 수정사항 Synap,v12.G8V_DE.130_20241105,android-cts-12_r13-linux_x86 / 12178160,2024-11-01,1.10.9,armeabi-v7a
2024-11-07,CtsMediaTestCases,android.media.cts.DecoderTest#testDecodeAacLcM4a,fail,junit.framework.AssertionFailedError: c2.android.aac.decoder: decoding error too big: 9684.105018017928,2024-11-07 : Dolby 8db 관련 android framework 수정사항 Synaptics patch 영향으로 추정; 해당 issue ticket 생성 - https://synacsm.atlassian.net/servicedesk/customer/portal/525/CSMDTV-220,v12.G8V_DE.130_20241105,android-cts-12_r13-linux_x86 / 12178160,2024-11-01,1.10.9,armeabi-v7a
2024-11-07,CtsMediaTestCases,android.media.cts.DecoderTest#testDecodeM4a,fail,junit.framework.AssertionFailedError: c2.android.aac.decoder: decoding error too big: 8747.288151192917,2024-11-07 : Dolby 8db 관련 android framework 수정사항 Synaptics patch 영향으로 추정; 해당 issue ticket 생성 - https://synacsm.atlassian.net/servicedesk/customer/portal/525/CSMDTV-221,v12.G8V_DE.130_20241105,android-cts-12_r13-linux_x86 / 12178160,2024-11-01,1.10.9,armeabi-v7a
2024-11-07,CtsMediaTestCases,android.media.cts.DecoderTest#testDecodeMonoM4a,fail,junit.framework.AssertionFailedError: c2.android.aac.decoder: samples at 0 don't match expected:&lt;11&gt; but was:&lt;24&gt;,2024-11-07 : Dolby 8db 관련 android framework 수정사항 Synaptics patch 영향으로 추정; 해당 issue ticket 생성 - https://synacsm.atlassian.net/servicedesk/customer/portal/525/CSMDTV-222,v12.G8V_DE.130_20241105,android-cts-12_r13-linux_x86 / 12178160,2024-11-01,1.10.9,armeabi-v7a
2024-11-07,CtsMediaTestCases,android.media.cts.DecoderTest#testDecodeWithEOSOnLastBuffer,fail,junit.framework.AssertionFailedError,2024-11-07 : Dolby 8db 관련 android framework 수정사항 Synaptics patch 영향으로 추정; 해당 issue ticket 생성 - https://synacsm.atlassian.net/servicedesk/customer/portal/525/CSMDTV-223,v12.G8V_DE.130_20241105,android-cts-12_r13-linux_x86 / 12178160,2024-11-01,1.10.9,armeabi-v7a
2024-11-07,CtsMediaTestCases,android.media.cts.DecoderTest#testFlush,fail,junit.framework.AssertionFailedError: first section amplitude too low,2024-11-07 : Dolby 8db 관련 android framework 수정사항 Synaptics patch 영향으로 추정; 해당 issue ticket 생성 - https://synacsm.atlassian.net/servicedesk/customer/portal/525/CSMDTV-224,v12.G8V_DE.130_20241105,android-cts-12_r13-linux_x86 / 12178160,2024-11-01,1.10.9,armeabi-v7a
2024-11-07,CtsMediaV2TestCases,android.mediav2.cts.CodecDecoderValidationTest#testDecodeAndValidate[0(c2.android.aac.decoder_audio/mp4a-latm)],fail,java.lang.AssertionError: audio/bbb_1ch_8kHz_s16le_3s.raw rms error too high ref/exp/got 26.907248/28.252609/428.759827,2024-11-07 : Dolby 8db 관련 android framework 수정사항 Synaptics patch 영향으로 추정; 해당 issue ticket 생성 - https://synacsm.atlassian.net/servicedesk/customer/portal/525/CSMDTV-225,v12.G8V_DE.130_20241105,android-cts-12_r13-linux_x86 / 12178160,2024-11-01,1.10.9,armeabi-v7a
2024-11-07,CtsMediaV2TestCases,android.mediav2.cts.CodecDecoderValidationTest#testDecodeAndValidate[1(c2.android.aac.decoder_audio/mp4a-latm)],fail,java.lang.AssertionError: audio/bbb_1ch_12kHz_s16le_3s.raw rms error too high ref/exp/got 23.366642/24.534973/429.168976,2024-11-07 : Dolby 8db 관련 android framework 수정사항 Synaptics patch 영향으로 추정; 해당 issue ticket 생성 - https://synacsm.atlassian.net/servicedesk/customer/portal/525/CSMDTV-226,v12.G8V_DE.130_20241105,android-cts-12_r13-linux_x86 / 12178160,2024-11-01,1.10.9,armeabi-v7a
2024-11-07,CtsMediaV2TestCases,android.mediav2.cts.CodecDecoderValidationTest#testDecodeAndValidate[2(c2.android.aac.decoder_audio/mp4a-latm)],fail,java.lang.AssertionError: audio/bbb_1ch_16kHz_s16le_3s.raw rms error too high ref/exp/got 21.354156/22.421864/428.569702,2024-11-07 : Dolby 8db 관련 android framework 수정사항 Synaptics patch 영향으로 추정; 해당 issue ticket 생성 - https://synacsm.atlassian.net/servicedesk/customer/portal/525/CSMDTV-227,v12.G8V_DE.130_20241105,android-cts-12_r13-linux_x86 / 12178160,2024-11-01,1.10.9,armeabi-v7a
2024-11-07,CtsMediaV2TestCases,android.mediav2.cts.CodecDecoderValidationTest#testDecodeAndValidate[3(c2.android.aac.decoder_audio/mp4a-latm)],fail,java.lang.AssertionError: audio/bbb_1ch_22kHz_s16le_3s.raw rms error too high ref/exp/got 25.980762/27.279799/429.026794,2024-11-07 : Dolby 8db 관련 android framework 수정사항 Synaptics patch 영향으로 추정; 해당 issue ticket 생성 - https://synacsm.atlassian.net/servicedesk/customer/portal/525/CSMDTV-228,v12.G8V_DE.130_20241105,android-cts-12_r13-linux_x86 / 12178160,2024-11-01,1.10.9,armeabi-v7a
2024-11-07,CtsMediaV2TestCases,android.mediav2.cts.CodecDecoderValidationTest#testDecodeAndValidate[4(c2.android.aac.decoder_audio/mp4a-latm)],fail,java.lang.AssertionError: audio/bbb_1ch_24kHz_s16le_3s.raw rms error too high ref/exp/got 26.362852/27.680994/428.840302,2024-11-07 : Dolby 8db 관련 android framework 수정사항 Synaptics patch 영향으로 추정; 해당 issue ticket 생성 - https://synacsm.atlassian.net/servicedesk/customer/portal/525/CSMDTV-229,v12.G8V_DE.130_20241105,android-cts-12_r13-linux_x86 / 12178160,2024-11-01,1.10.9,armeabi-v7a
2024-11-07,CtsMediaV2TestCases,android.mediav2.cts.CodecDecoderValidationTest#testDecodeAndValidate[5(c2.android.aac.decoder_audio/mp4a-latm)],fail,java.lang.AssertionError: audio/bbb_1ch_32kHz_s16le_3s.raw rms error too high ref/exp/got 28.635643/30.067423/429.555573,2024-11-07 : Dolby 8db 관련 android framework 수정사항 Synaptics patch 영향으로 추정; 해당 issue ticket 생성 - https://synacsm.atlassian.net/servicedesk/customer/portal/525/CSMDTV-230,v12.G8V_DE.130_20241105,android-cts-12_r13-linux_x86 / 12178160,2024-11-01,1.10.9,armeabi-v7a
2024-11-07,CtsMediaV2TestCases,android.mediav2.cts.CodecDecoderValidationTest#testDecodeAndValidate[6(c2.android.aac.decoder_audio/mp4a-latm)],fail,java.lang.AssertionError: audio/bbb_1ch_44kHz_s16le_3s.raw rms error too high ref/exp/got 29.291637/30.756218/429.284302,2024-11-07 : Dolby 8db 관련 android framework 수정사항 Synaptics patch 영향으로 추정; 해당 issue ticket 생성 - https://synacsm.atlassian.net/servicedesk/customer/portal/525/CSMDTV-231,v12.G8V_DE.130_20241105,android-cts-12_r13-linux_x86 / 12178160,2024-11-01,1.10.9,armeabi-v7a
2024-11-07,CtsMediaV2TestCases,android.mediav2.cts.CodecDecoderValidationTest#testDecodeAndValidate[7(c2.android.aac.decoder_audio/mp4a-latm)],fail,java.lang.AssertionError: audio/bbb_1ch_48kHz_s16le_3s.raw rms error too high ref/exp/got 29.325756/30.792042/429.046631,2024-11-07 : Dolby 8db 관련 android framework 수정사항 Synaptics patch 영향으로 추정; 해당 issue ticket 생성 - https://synacsm.atlassian.net/servicedesk/customer/portal/525/CSMDTV-232,v12.G8V_DE.130_20241105,android-cts-12_r13-linux_x86 / 12178160,2024-11-01,1.10.9,armeabi-v7a
2024-11-07,CtsMediaV2TestCases,android.mediav2.cts.CodecDecoderValidationTest#testDecodeAndValidate[8(c2.android.aac.decoder_audio/mp4a-latm)],fail,java.lang.AssertionError: audio/bbb_2ch_8kHz_s16le_3s.raw rms error too high ref/exp/got 26.362852/27.680994/455.072510,2024-11-07 : Dolby 8db 관련 android framework 수정사항 Synaptics patch 영향으로 추정; 해당 issue ticket 생성 - https://synacsm.atlassian.net/servicedesk/customer/portal/525/CSMDTV-233,v12.G8V_DE.130_20241105,android-cts-12_r13-linux_x86 / 12178160,2024-11-01,1.10.9,armeabi-v7a
2024-11-07,CtsMediaV2TestCases,android.mediav2.cts.CodecDecoderValidationTest#testDecodeAndValidate[9(c2.android.aac.decoder_audio/mp4a-latm)],fail,java.lang.AssertionError: audio/bbb_2ch_12kHz_s16le_3s.raw rms error too high ref/exp/got 21.931713/23.028297/455.737854,2024-11-07 : Dolby 8db 관련 android framework 수정사항 Synaptics patch 영향으로 추정; 해당 issue ticket 생성 - https://synacsm.atlassian.net/servicedesk/customer/portal/525/CSMDTV-234,v12.G8V_DE.130_20241105,android-cts-12_r13-linux_x86 / 12178160,2024-11-01,1.10.9,armeabi-v7a
2024-11-07,CtsMediaV2TestCases,android.mediav2.cts.CodecDecoderValidationTest#testDecodeAndValidate[10(c2.android.aac.decoder_audio/mp4a-latm)],fail,java.lang.AssertionError: audio/bbb_2ch_16kHz_s16le_3s.raw rms error too high ref/exp/got 22.068077/23.171480/455.326263,2024-11-07 : Dolby 8db 관련 android framework 수정사항 Synaptics patch 영향으로 추정; 해당 issue ticket 생성 - https://synacsm.atlassian.net/servicedesk/customer/portal/525/CSMDTV-235,v12.G8V_DE.130_20241105,android-cts-12_r13-linux_x86 / 12178160,2024-11-01,1.10.9,armeabi-v7a
2024-11-07,CtsMediaV2TestCases,android.mediav2.cts.CodecDecoderValidationTest#testDecodeAndValidate[11(c2.android.aac.decoder_audio/mp4a-latm)],fail,java.lang.AssertionError: audio/bbb_2ch_22kHz_s16le_3s.raw rms error too high ref/exp/got 25.317978/26.583876/455.263672,2024-11-07 : Dolby 8db 관련 android framework 수정사항 Synaptics patch 영향으로 추정; 해당 issue ticket 생성 - https://synacsm.atlassian.net/servicedesk/customer/portal/525/CSMDTV-236,v12.G8V_DE.130_20241105,android-cts-12_r13-linux_x86 / 12178160,2024-11-01,1.10.9,armeabi-v7a
2024-11-07,CtsMediaV2TestCases,android.mediav2.cts.CodecDecoderValidationTest#testDecodeAndValidate[12(c2.android.aac.decoder_audio/mp4a-latm)],fail,java.lang.AssertionError: audio/bbb_2ch_24kHz_s16le_3s.raw rms error too high ref/exp/got 25.651510/26.934084/455.634735,2024-11-07 : Dolby 8db 관련 android framework 수정사항 Synaptics patch 영향으로 추정; 해당 issue ticket 생성 - https://synacsm.atlassian.net/servicedesk/customer/portal/525/CSMDTV-237,v12.G8V_DE.130_20241105,android-cts-12_r13-linux_x86 / 12178160,2024-11-01,1.10.9,armeabi-v7a
2024-11-07,CtsMediaV2TestCases,android.mediav2.cts.CodecDecoderValidationTest#testDecodeAndValidate[13(c2.android.aac.decoder_audio/mp4a-latm)],fail,java.lang.AssertionError: audio/bbb_2ch_32kHz_s16le_3s.raw rms error too high ref/exp/got 27.294687/28.659420/455.729095,2024-11-07 : Dolby 8db 관련 android framework 수정사항 Synaptics patch 영향으로 추정; 해당 issue ticket 생성 - https://synacsm.atlassian.net/servicedesk/customer/portal/525/CSMDTV-238,v12.G8V_DE.130_20241105,android-cts-12_r13-linux_x86 / 12178160,2024-11-01,1.10.9,armeabi-v7a
2024-11-07,CtsMediaV2TestCases,android.mediav2.cts.CodecDecoderValidationTest#testDecodeAndValidate[14(c2.android.aac.decoder_audio/mp4a-latm)],fail,java.lang.AssertionError: audio/bbb_2ch_44kHz_s16le_3s.raw rms error too high ref/exp/got 27.313000/28.678648/455.760895,2024-11-07 : Dolby 8db 관련 android framework 수정사항 Synaptics patch 영향으로 추정; 해당 issue ticket 생성 - https://synacsm.atlassian.net/servicedesk/customer/portal/525/CSMDTV-239,v12.G8V_DE.130_20241105,android-cts-12_r13-linux_x86 / 12178160,2024-11-01,1.10.9,armeabi-v7a
2024-11-07,CtsMediaV2TestCases,android.mediav2.cts.CodecDecoderValidationTest#testDecodeAndValidate[15(c2.android.aac.decoder_audio/mp4a-latm)],fail,java.lang.AssertionError: audio/bbb_2ch_48kHz_s16le_3s.raw rms error too high ref/exp/got 27.676704/29.060539/455.425079,2024-11-07 : Dolby 8db 관련 android framework 수정사항 Synaptics patch 영향으로 추정; 해당 issue ticket 생성 - https://synacsm.atlassian.net/servicedesk/customer/portal/525/CSMDTV-240,v12.G8V_DE.130_20241105,android-cts-12_r13-linux_x86 / 12178160,2024-11-01,1.10.9,armeabi-v7a
2024-11-07,CtsMediaV2TestCases,android.mediav2.cts.CodecDecoderValidationTest#testDecodeAndValidate[16(c2.android.aac.decoder_audio/mp4a-latm)],fail,java.lang.AssertionError: audio/bbb_5ch_8kHz_s16le_3s.raw rms error too high ref/exp/got 43.116123/45.271927/707.954102,2024-11-07 : Dolby 8db 관련 android framework 수정사항 Synaptics patch 영향으로 추정; 해당 issue ticket 생성 - https://synacsm.atlassian.net/servicedesk/customer/portal/525/CSMDTV-241,v12.G8V_DE.130_20241105,android-cts-12_r13-linux_x86 / 12178160,2024-11-01,1.10.9,armeabi-v7a
2024-11-07,CtsMediaV2TestCases,android.mediav2.cts.CodecDecoderValidationTest#testDecodeAndValidate[17(c2.android.aac.decoder_audio/mp4a-latm)],fail,java.lang.AssertionError: audio/bbb_5ch_12kHz_s16le_3s.raw rms error too high ref/exp/got 35.972210/37.770821/708.908325,2024-11-07 : Dolby 8db 관련 android framework 수정사항 Synaptics patch 영향으로 추정; 해당 issue ticket 생성 - https://synacsm.atlassian.net/servicedesk/customer/portal/525/CSMDTV-242,v12.G8V_DE.130_20241105,android-cts-12_r13-linux_x86 / 12178160,2024-11-01,1.10.9,armeabi-v7a
2024-11-07,CtsMediaV2TestCases,android.mediav2.cts.CodecDecoderValidationTest#testDecodeAndValidate[18(c2.android.aac.decoder_audio/mp4a-latm)],fail,java.lang.AssertionError: audio/bbb_5ch_16kHz_s16le_3s.raw rms error too high ref/exp/got 32.710854/34.346394/709.117065,2024-11-07 : Dolby 8db 관련 android framework 수정사항 Synaptics patch 영향으로 추정; 해당 issue ticket 생성 - https://synacsm.atlassian.net/servicedesk/customer/portal/525/CSMDTV-243,v12.G8V_DE.130_20241105,android-cts-12_r13-linux_x86 / 12178160,2024-11-01,1.10.9,armeabi-v7a
2024-11-07,CtsMediaV2TestCases,android.mediav2.cts.CodecDecoderValidationTest#testDecodeAndValidate[19(c2.android.aac.decoder_audio/mp4a-latm)],fail,java.lang.AssertionError: audio/bbb_5ch_22kHz_s16le_3s.raw rms error too high ref/exp/got 39.281040/41.245090/708.566162,2024-11-07 : Dolby 8db 관련 android framework 수정사항 Synaptics patch 영향으로 추정; 해당 issue ticket 생성 - https://synacsm.atlassian.net/servicedesk/customer/portal/525/CSMDTV-244,v12.G8V_DE.130_20241105,android-cts-12_r13-linux_x86 / 12178160,2024-11-01,1.10.9,armeabi-v7a
2024-11-07,CtsMediaV2TestCases,android.mediav2.cts.CodecDecoderValidationTest#testDecodeAndValidate[20(c2.android.aac.decoder_audio/mp4a-latm)],fail,java.lang.AssertionError: audio/bbb_5ch_24kHz_s16le_3s.raw rms error too high ref/exp/got 40.951191/42.998749/708.786316,2024-11-07 : Dolby 8db 관련 android framework 수정사항 Synaptics patch 영향으로 추정; 해당 issue ticket 생성 - https://synacsm.atlassian.net/servicedesk/customer/portal/525/CSMDTV-245,v12.G8V_DE.130_20241105,android-cts-12_r13-linux_x86 / 12178160,2024-11-01,1.10.9,armeabi-v7a
2024-11-07,CtsMediaV2TestCases,android.mediav2.cts.CodecDecoderValidationTest#testDecodeAndValidate[21(c2.android.aac.decoder_audio/mp4a-latm)],fail,java.lang.AssertionError: audio/bbb_5ch_32kHz_s16le_3s.raw rms error too high ref/exp/got 49.436829/51.908669/709.296814,2024-11-07 : Dolby 8db 관련 android framework 수정사항 Synaptics patch 영향으로 추정; 해당 issue ticket 생성 - https://synacsm.atlassian.net/servicedesk/customer/portal/525/CSMDTV-246,v12.G8V_DE.130_20241105,android-cts-12_r13-linux_x86 / 12178160,2024-11-01,1.10.9,armeabi-v7a
2024-11-07,CtsMediaV2TestCases,android.mediav2.cts.CodecDecoderValidationTest#testDecodeAndValidate[22(c2.android.aac.decoder_audio/mp4a-latm)],fail,java.lang.AssertionError: audio/bbb_5ch_44kHz_s16le_3s.raw rms error too high ref/exp/got 43.886215/46.080524/709.076843,2024-11-07 : Dolby 8db 관련 android framework 수정사항 Synaptics patch 영향으로 추정; 해당 issue ticket 생성 - https://synacsm.atlassian.net/servicedesk/customer/portal/525/CSMDTV-247,v12.G8V_DE.130_20241105,android-cts-12_r13-linux_x86 / 12178160,2024-11-01,1.10.9,armeabi-v7a
2024-11-07,CtsMediaV2TestCases,android.mediav2.cts.CodecDecoderValidationTest#testDecodeAndValidate[23(c2.android.aac.decoder_audio/mp4a-latm)],fail,java.lang.AssertionError: audio/bbb_5ch_48kHz_s16le_3s.raw rms error too high ref/exp/got 44.271889/46.485481/708.671997,2024-11-07 : Dolby 8db 관련 android framework 수정사항 Synaptics patch 영향으로 추정; 해당 issue ticket 생성 - https://synacsm.atlassian.net/servicedesk/customer/portal/525/CSMDTV-248,v12.G8V_DE.130_20241105,android-cts-12_r13-linux_x86 / 12178160,2024-11-01,1.10.9,armeabi-v7a
2024-11-07,CtsMediaV2TestCases,android.mediav2.cts.CodecDecoderValidationTest#testDecodeAndValidate[24(c2.android.aac.decoder_audio/mp4a-latm)],fail,java.lang.AssertionError: audio/bbb_6ch_8kHz_s16le_3s.raw rms error too high ref/exp/got 39.661064/41.644115/646.236816,2024-11-07 : Dolby 8db 관련 android framework 수정사항 Synaptics patch 영향으로 추정; 해당 issue ticket 생성 - https://synacsm.atlassian.net/servicedesk/customer/portal/525/CSMDTV-249,v12.G8V_DE.130_20241105,android-cts-12_r13-linux_x86 / 12178160,2024-11-01,1.10.9,armeabi-v7a
2024-11-07,CtsMediaV2TestCases,android.mediav2.cts.CodecDecoderValidationTest#testDecodeAndValidate[25(c2.android.aac.decoder_audio/mp4a-latm)],fail,java.lang.AssertionError: audio/bbb_6ch_12kHz_s16le_3s.raw rms error too high ref/exp/got 34.971416/36.719986/647.254944,2024-11-07 : Dolby 8db 관련 android framework 수정사항 Synaptics patch 영향으로 추정; 해당 issue ticket 생성 - https://synacsm.atlassian.net/servicedesk/customer/portal/525/CSMDTV-250,v12.G8V_DE.130_20241105,android-cts-12_r13-linux_x86 / 12178160,2024-11-01,1.10.9,armeabi-v7a
2024-11-07,CtsMediaV2TestCases,android.mediav2.cts.CodecDecoderValidationTest#testDecodeAndValidate[26(c2.android.aac.decoder_audio/mp4a-latm)],fail,java.lang.AssertionError: audio/bbb_6ch_16kHz_s16le_3s.raw rms error too high ref/exp/got 29.068884/30.522327/647.404053,2024-11-07 : Dolby 8db 관련 android framework 수정사항 Synaptics patch 영향으로 추정; 해당 issue ticket 생성 - https://synacsm.atlassian.net/servicedesk/customer/portal/525/CSMDTV-251,v12.G8V_DE.130_20241105,android-cts-12_r13-linux_x86 / 12178160,2024-11-01,1.10.9,armeabi-v7a
2024-11-07,CtsMediaV2TestCases,android.mediav2.cts.CodecDecoderValidationTest#testDecodeAndValidate[27(c2.android.aac.decoder_audio/mp4a-latm)],fail,java.lang.AssertionError: audio/bbb_6ch_22kHz_s16le_3s.raw rms error too high ref/exp/got 29.427877/30.899269/646.526123,2024-11-07 : Dolby 8db 관련 android framework 수정사항 Synaptics patch 영향으로 추정; 해당 issue ticket 생성 - https://synacsm.atlassian.net/servicedesk/customer/portal/525/CSMDTV-252,v12.G8V_DE.130_20241105,android-cts-12_r13-linux_x86 / 12178160,2024-11-01,1.10.9,armeabi-v7a
2024-11-07,CtsMediaV2TestCases,android.mediav2.cts.CodecDecoderValidationTest#testDecodeAndValidate[28(c2.android.aac.decoder_audio/mp4a-latm)],fail,java.lang.AssertionError: audio/bbb_6ch_24kHz_s16le_3s.raw rms error too high ref/exp/got 30.331501/31.848074/646.926575,2024-11-07 : Dolby 8db 관련 android framework 수정사항 Synaptics patch 영향으로 추정; 해당 issue ticket 생성 - https://synacsm.atlassian.net/servicedesk/customer/portal/525/CSMDTV-253,v12.G8V_DE.130_20241105,android-cts-12_r13-linux_x86 / 12178160,2024-11-01,1.10.9,armeabi-v7a
2024-11-07,CtsMediaV2TestCases,android.mediav2.cts.CodecDecoderValidationTest#testDecodeAndValidate[29(c2.android.aac.decoder_audio/mp4a-latm)],fail,java.lang.AssertionError: audio/bbb_6ch_32kHz_s16le_3s.raw rms error too high ref/exp/got 33.926392/35.622711/646.896423,2024-11-07 : Dolby 8db 관련 android framework 수정사항 Synaptics patch 영향으로 추정; 해당 issue ticket 생성 - https://synacsm.atlassian.net/servicedesk/customer/portal/525/CSMDTV-254,v12.G8V_DE.130_20241105,android-cts-12_r13-linux_x86 / 12178160,2024-11-01,1.10.9,armeabi-v7a
2024-11-07,CtsMediaV2TestCases,android.mediav2.cts.CodecDecoderValidationTest#testDecodeAndValidate[30(c2.android.aac.decoder_audio/mp4a-latm)],fail,java.lang.AssertionError: audio/bbb_6ch_44kHz_s16le_3s.raw rms error too high ref/exp/got 31.733263/33.319923/647.200134,2024-11-07 : Dolby 8db 관련 android framework 수정사항 Synaptics patch 영향으로 추정; 해당 issue ticket 생성 - https://synacsm.atlassian.net/servicedesk/customer/portal/525/CSMDTV-255,v12.G8V_DE.130_20241105,android-cts-12_r13-linux_x86 / 12178160,2024-11-01,1.10.9,armeabi-v7a
2024-11-07,CtsMediaV2TestCases,android.mediav2.cts.CodecDecoderValidationTest#testDecodeAndValidate[31(c2.android.aac.decoder_audio/mp4a-latm)],fail,java.lang.AssertionError: audio/bbb_6ch_48kHz_s16le_3s.raw rms error too high ref/exp/got 31.032242/32.583851/646.601868,2024-11-07 : Dolby 8db 관련 android framework 수정사항 Synaptics patch 영향으로 추정; 해당 issue ticket 생성 - https://synacsm.atlassian.net/servicedesk/customer/portal/525/CSMDTV-256,v12.G8V_DE.130_20241105,android-cts-12_r13-linux_x86 / 12178160,2024-11-01,1.10.9,armeabi-v7a
2024-11-07,CtsMediaV2TestCases,android.mediav2.cts.CodecDecoderValidationTest#testDecodeAndValidate[51(c2.android.aac.decoder_audio/mp4a-latm)],fail,java.lang.AssertionError: audio/bbb_1ch_22kHz_s16le_3s.raw rms error too high ref/exp/got 24.959969/26.207966/427.442383,2024-11-07 : Dolby 8db 관련 android framework 수정사항 Synaptics patch 영향으로 추정; 해당 issue ticket 생성 - https://synacsm.atlassian.net/servicedesk/customer/portal/525/CSMDTV-257,v12.G8V_DE.130_20241105,android-cts-12_r13-linux_x86 / 12178160,2024-11-01,1.10.9,armeabi-v7a
2024-11-07,CtsMediaV2TestCases,android.mediav2.cts.CodecDecoderValidationTest#testDecodeAndValidate[52(c2.android.aac.decoder_audio/mp4a-latm)],fail,java.lang.AssertionError: audio/bbb_1ch_24kHz_s16le_3s.raw rms error too high ref/exp/got 26.495283/27.820045/427.672760,2024-11-07 : Dolby 8db 관련 android framework 수정사항 Synaptics patch 영향으로 추정; 해당 issue ticket 생성 - https://synacsm.atlassian.net/servicedesk/customer/portal/525/CSMDTV-258,v12.G8V_DE.130_20241105,android-cts-12_r13-linux_x86 / 12178160,2024-11-01,1.10.9,armeabi-v7a
2024-11-07,CtsMediaV2TestCases,android.mediav2.cts.CodecDecoderValidationTest#testDecodeAndValidate[53(c2.android.aac.decoder_audio/mp4a-latm)],fail,java.lang.AssertionError: audio/bbb_1ch_32kHz_s16le_3s.raw rms error too high ref/exp/got 31.464266/33.037479/427.942749,2024-11-07 : Dolby 8db 관련 android framework 수정사항 Synaptics patch 영향으로 추정; 해당 issue ticket 생성 - https://synacsm.atlassian.net/servicedesk/customer/portal/525/CSMDTV-259,v12.G8V_DE.130_20241105,android-cts-12_r13-linux_x86 / 12178160,2024-11-01,1.10.9,armeabi-v7a
2024-11-07,CtsMediaV2TestCases,android.mediav2.cts.CodecDecoderValidationTest#testDecodeAndValidate[54(c2.android.aac.decoder_audio/mp4a-latm)],fail,java.lang.AssertionError: audio/bbb_1ch_44kHz_s16le_3s.raw rms error too high ref/exp/got 33.852623/35.545254/428.221893,2024-11-07 : Dolby 8db 관련 android framework 수정사항 Synaptics patch 영향으로 추정; 해당 issue ticket 생성 - https://synacsm.atlassian.net/servicedesk/customer/portal/525/CSMDTV-260,v12.G8V_DE.130_20241105,android-cts-12_r13-linux_x86 / 12178160,2024-11-01,1.10.9,armeabi-v7a
2024-11-07,CtsMediaV2TestCases,android.mediav2.cts.CodecDecoderValidationTest#testDecodeAndValidate[55(c2.android.aac.decoder_audio/mp4a-latm)],fail,java.lang.AssertionError: audio/bbb_1ch_48kHz_s16le_3s.raw rms error too high ref/exp/got 33.136082/34.792885/427.994171,2024-11-07 : Dolby 8db 관련 android framework 수정사항 Synaptics patch 영향으로 추정; 해당 issue ticket 생성 - https://synacsm.atlassian.net/servicedesk/customer/portal/525/CSMDTV-261,v12.G8V_DE.130_20241105,android-cts-12_r13-linux_x86 / 12178160,2024-11-01,1.10.9,armeabi-v7a
2024-11-07,CtsMediaV2TestCases,android.mediav2.cts.CodecDecoderValidationTest#testDecodeAndValidate[57(c2.android.aac.decoder_audio/mp4a-latm)],fail,java.lang.AssertionError: audio/bbb_2ch_22kHz_s16le_3s.raw rms error too high ref/exp/got 24.959969/26.207966/454.218018,2024-11-07 : Dolby 8db 관련 android framework 수정사항 Synaptics patch 영향으로 추정; 해당 issue ticket 생성 - https://synacsm.atlassian.net/servicedesk/customer/portal/525/CSMDTV-262,v12.G8V_DE.130_20241105,android-cts-12_r13-linux_x86 / 12178160,2024-11-01,1.10.9,armeabi-v7a
2024-11-07,CtsMediaV2TestCases,android.mediav2.cts.CodecDecoderValidationTest#testDecodeAndValidate[58(c2.android.aac.decoder_audio/mp4a-latm)],fail,java.lang.AssertionError: audio/bbb_2ch_24kHz_s16le_3s.raw rms error too high ref/exp/got 26.962938/28.311085/454.526123,2024-11-07 : Dolby 8db 관련 android framework 수정사항 Synaptics patch 영향으로 추정; 해당 issue ticket 생성 - https://synacsm.atlassian.net/servicedesk/customer/portal/525/CSMDTV-263,v12.G8V_DE.130_20241105,android-cts-12_r13-linux_x86 / 12178160,2024-11-01,1.10.9,armeabi-v7a
2024-11-07,CtsMediaV2TestCases,android.mediav2.cts.CodecDecoderValidationTest#testDecodeAndValidate[59(c2.android.aac.decoder_audio/mp4a-latm)],fail,java.lang.AssertionError: audio/bbb_2ch_32kHz_s16le_3s.raw rms error too high ref/exp/got 27.784887/29.174129/454.419403,2024-11-07 : Dolby 8db 관련 android framework 수정사항 Synaptics patch 영향으로 추정; 해당 issue ticket 생성 - https://synacsm.atlassian.net/servicedesk/customer/portal/525/CSMDTV-264,v12.G8V_DE.130_20241105,android-cts-12_r13-linux_x86 / 12178160,2024-11-01,1.10.9,armeabi-v7a
2024-11-07,CtsMediaV2TestCases,android.mediav2.cts.CodecDecoderValidationTest#testDecodeAndValidate[60(c2.android.aac.decoder_audio/mp4a-latm)],fail,java.lang.AssertionError: audio/bbb_2ch_44kHz_s16le_3s.raw rms error too high ref/exp/got 29.223278/30.684441/454.729584,2024-11-07 : Dolby 8db 관련 android framework 수정사항 Synaptics patch 영향으로 추정; 해당 issue ticket 생성 - https://synacsm.atlassian.net/servicedesk/customer/portal/525/CSMDTV-265,v12.G8V_DE.130_20241105,android-cts-12_r13-linux_x86 / 12178160,2024-11-01,1.10.9,armeabi-v7a
2024-11-07,CtsMediaV2TestCases,android.mediav2.cts.CodecDecoderValidationTest#testDecodeAndValidate[61(c2.android.aac.decoder_audio/mp4a-latm)],fail,java.lang.AssertionError: audio/bbb_2ch_48kHz_s16le_3s.raw rms error too high ref/exp/got 29.171904/30.630497/454.588837,2024-11-07 : Dolby 8db 관련 android framework 수정사항 Synaptics patch 영향으로 추정; 해당 issue ticket 생성 - https://synacsm.atlassian.net/servicedesk/customer/portal/525/CSMDTV-266,v12.G8V_DE.130_20241105,android-cts-12_r13-linux_x86 / 12178160,2024-11-01,1.10.9,armeabi-v7a
2024-11-07,CtsSystemUiTestCases,android.systemui.cts.BasicPipTests#pipApp_remainsOpen_afterScreensaver,pass,java.lang.RuntimeException: Caught exception,2024-11-07 : ATV Settings > Device Preferences > Screen saver > Screen saver > Colors 설정 후 retry,v12.G8V_DE.130_20241112,android-cts-12_r14-linux_x86,2024-11-01,1.10.9,armeabi-v7a
2024-11-07,CtsNNAPITestCases,,pass,,2024-11-07 : ANDROID_PARNTER_SERVER_ERROR 로 incomplete; 별도로 해당 모듈 (-m) 확인,v12.G8V_DE.130_20241112,android-cts-12_r14-linux_x86,2024-11-01,1.10.9,armeabi-v7a
2024-09-09,CtsStatsdHostTestCases ,android.cts.statsd.alert.AnomalyDetectionTests#testPerfetto test,fail,,"25.01에도 발생 Google , 3PL - tool 자체의 issue - 
수정하여 preview로 업데이트 해줌",v12.G8V_DE.130_20241105,android-cts-12_r13-linux_x86 / 12178160,2024-11-01,1.10.9,armeabi-v7a
2024-09-03,CtsSecurityHostTestCases,android.security.cts.SELinuxHostTest#testAospServiceContexts,pass,,synaptics diff patch (CSMDTV-173) 적용 -> Pass (CSMDTV-172 동일),v12.G8V_DE.127_20240902,android-cts-12_r13-linux_x86 / 12178160,2024-09-01,1.10.8.1,armeabi-v7a
2024-08-27,CtsUiRenderingTestCases,android.uirendering.cts.testclasses.SweepTests#testBasicDraws,pass,,CSMDTV-166   239364.diff patch (CSMDTV-159)-> Pass (MGKID: correct service config for VTS),v12.G8V_DE.127_20240902,android-cts-12_r13-linux_x86 / 12178160,2024-09-01,1.10.8.1,armeabi-v7a
2024-08-26,CtsMediaTestCases,android.media.cts.MediaCodecCapabilitiesTest#testGetMaxSupportedInstances,pass,,CSMDTV-153 238772.diff patch -> Pass,v12.G8V_DE.127_20240902,android-cts-12_r13-linux_x86 / 12178160,2024-09-01,1.10.8.1,armeabi-v7a
2024-06-19,CtsGraphicsTestCases,android.graphics.fonts.SystemEmojiTest#uniquePostScript,pass,java.io.IO.Exception: name table not found,2024-06-19 : retry,v12.G8V_DE.118_20240617_user,android-cts-12_r12-linux_x86 / 11399545,2024-06-01,1.10.7,armeabi-v7a
2024-06-19,CtsGraphicsTestCases[instant],android.graphics.fonts.SystemEmojiTest#uniquePostScript,pass,java.io.IO.Exception: name table not found,2024-06-19 : retry,v12.G8V_DE.118_20240617_user,android-cts-12_r12-linux_x86 / 11399546,2024-06-01,1.10.7,armeabi-v7a
2024-06-19,CtsHardwareTestCases,android.hardware.lights.cts.tests.LightsManagerTest#testControlLights_firstCallerWinsContention,pass,expected: -10066330,2024-06-20 : Screen saver > Colors 설정 후 retry,v12.G8V_DE.118_20240617_user,android-cts-12_r12-linux_x86 / 11399547,2024-06-01,1.10.7,armeabi-v7a
2024-06-19,CtsHdmiCecHostTestCases,android.hdmicec.cts.common.HdmiCecStartupTest#cectVerifyStartupMessages_Cec14b,pass,Unexpected messages sent by the device,"2024-06-19 : TV에서 CEC OFF, STB 에서 HDMI CEC > Expert settings 설정에서 다 OFF",v12.G8V_DE.118_20240617_user,android-cts-12_r12-linux_x86 / 11399548,2024-06-01,1.10.7,armeabi-v7a
2024-06-19,CtsHdmiCecHostTestCases,android.hdmicec.cts.common.HdmiCecSystemStandbyTest#cect_HandleBroadcastStandby,pass,value of: trim(),2024-06-19 : TV에서 CEC OFF,v12.G8V_DE.118_20240617_user,android-cts-12_r12-linux_x86 / 11399549,2024-06-01,1.10.7,armeabi-v7a
2024-06-19,CtsHdmiCecHostTestCases,android.hdmicec.cts.common.HdmiCecSystemStandbyTest#cect_HandleAddressedStandby,pass,value of: trim(),2024-06-19 : TV에서 CEC OFF,v12.G8V_DE.118_20240617_user,android-cts-12_r12-linux_x86 / 11399550,2024-06-01,1.10.7,armeabi-v7a
2024-06-19,CtsIntentSignatureTestCases,android.signature.cts.intent.IntentTest#shouldNotFindUnexpectedIntents,pass,java.lang.Assertion.Error: [Package: com.google.android.katniss Invalid Intent: [android.intent.action.MAIN_CLEAR_NOTIFICATION]],2024-06-18 : retry?,v12.G8V_DE.118_20240617_user,android-cts-12_r12-linux_x86 / 11399551,2024-06-01,1.10.7,armeabi-v7a
2024-06-19,CtsMediaTestCases,android.media.cts.AudioTrackSurroundTest#testPlayIEC61937_32000,pass,"junit.framework.AssertionFailedError: expect many timestamps, got 0",2024-06-19 : Dolby Atmos 지원 TV,v12.G8V_DE.118_20240617_user,android-cts-12_r12-linux_x86 / 11399552,2024-06-01,1.10.7,armeabi-v7a
2024-06-19,CtsMediaTestCases,android.media.cts.AudioTrackSurroundTest#testPlayIEC61937_44100,pass,"junit.framework.AssertionFailedError: expect many timestamps, got 1",2024-06-19 : Dolby Atmos 지원 TV,v12.G8V_DE.118_20240617_user,android-cts-12_r12-linux_x86 / 11399553,2024-06-01,1.10.7,armeabi-v7a
2024-06-19,CtsMediaTestCases,android.media.cts.AudioTrackSurroundTest#testPlayIEC61937_48000,pass,"junit.framework.AssertionFailedError: expect many timestamps, got 2",2024-06-19 : Dolby Atmos 지원 TV,v12.G8V_DE.118_20240617_user,android-cts-12_r12-linux_x86 / 11399554,2024-06-01,1.10.7,armeabi-v7a
2024-06-19,CtsSystemUiTestCases,android.systemui.cts.tv.BasicPipTests#pipApp_remainsOpen_afterScreenSaver,pass,java.lang.RuntimeException: Caught exception,2024-06-20 : Screen saver > Colors 설정 후 retry,v12.G8V_DE.118_20240617_user,android-cts-12_r12-linux_x86 / 11399555,2024-06-01,1.10.7,armeabi-v7a
2024-06-19,CtsUsageStatsTestCases,android.app.usage.cts.UsageStatsTest#testForgroundService,pass,java.lang.AssertionError: expected:&lt;0&gt; but was:&lt;1&gt;,2024-06-19 : retry?,v12.G8V_DE.118_20240617_user,android-cts-12_r12-linux_x86 / 11399556,2024-06-01,1.10.7,armeabi-v7a
2024-05-31,CtsHdmiCecHostTestCases,android.hdmicec.cts.common.HdmiCecSystemStandbyTest#cect_HandleBroadcastStandby,pass,"value of : trim()
expected: mWakefulness=Asleep
but was : mWakefulness=Awake","Expert Settings HDMI-CEC 에서 Turn on together OFF , Turn off together OFF 
Power&Energy -  활성화 시킨상태
TV - Cec ON, 자동꺼짐 OFF

2024-06-03 : TV CEC 설정 끄고 retry",INN_v12.G8V_DE.121_20240527_user,android-cts-12_r12-linux_x86 / 11399545,2024-06-01,1.10.7,armeabi-v7a
2024-05-31,CtsAppTestCases,android.app.cts.ActivityManagerTest#testTrimAppChildProcess,pass,java.lang.IllegalStateException: Timed out waiting for next line: uid=10112 cmd=procstate procState=TOP capability=null,iCX app -> disable -> PASS ,INN_v12.G8V_DE.121_20240527_user,android-cts-12_r12-linux_x86 / 11399545,2024-06-01,1.10.7,armeabi-v7a
2024-05-31,CtsAppTestCases[instant],android.app.cts.ActivityManagerTest#testTrimAppChildProcess,pass,java.lang.IllegalStateException: Timed out waiting for next line: uid=10112 cmd=procstate procState=TOP capability=null,iCX app -> disable -> PASS ,INN_v12.G8V_DE.121_20240527_user,android-cts-12_r12-linux_x86 / 11399545,2024-06-01,1.10.7,armeabi-v7a
2024-05-31,CtsIntentSignatureTestCases,android.signature.cts.intent.IntentTest#shouldNotFindUnexpectedIntents,pass,java.lang.AssertionError: [Package: com.google.android.katniss Invalid Intent: [android.intent.action.MAIN_CLEAR_NOTIFICATION]],2024-06-03 : 해당 항목만 Katniss.apk 가 변경되기 전 버전으로 revert 후 retry 시 pass,INN_v12.G8V_DE.121_20240527_user,android-cts-12_r12-linux_x86 / 11399545,2024-06-01,1.10.7,armeabi-v7a
2024-05-31,CtsContentTestCases,Incomplete Modules,pass,,2024-06-03 : 다른 PC 로 결과서만 복사하여 retry 시도 시 해소,INN_v12.G8V_DE.121_20240527_user,android-cts-12_r12-linux_x86 / 11399545,2024-06-01,1.10.7,armeabi-v7a
2024-05-31,CtsContentTestCases[instant],,pass,,2024-06-03 : 다른 PC 로 결과서만 복사하여 retry 시도 시 해소,INN_v12.G8V_DE.121_20240527_user,android-cts-12_r12-linux_x86 / 11399545,2024-06-01,1.10.7,armeabi-v7a
2024-05-31,CtsGraphicsTestCases,,pass,,2024-06-03 : 다른 PC 로 결과서만 복사하여 retry 시도 시 해소,INN_v12.G8V_DE.121_20240527_user,android-cts-12_r12-linux_x86 / 11399545,2024-06-01,1.10.7,armeabi-v7a
2024-05-31,CtsGraphicsTestCases[instant],,pass,,2024-06-03 : 다른 PC 로 결과서만 복사하여 retry 시도 시 해소,INN_v12.G8V_DE.121_20240527_user,android-cts-12_r12-linux_x86 / 11399545,2024-06-01,1.10.7,armeabi-v7a
2024-05-31,CtsHdmiCecHostTestCases,,pass,,2024-06-03 : 다른 PC 로 결과서만 복사하여 retry 시도 시 해소,INN_v12.G8V_DE.121_20240527_user,android-cts-12_r12-linux_x86 / 11399545,2024-06-01,1.10.7,armeabi-v7a
2024-05-02,CtsAppSecurityHostTestCases,android.appsecurity.cts.AdoptableHostTest#testPrimaryStorage,pass,java.lang.AssertionError: Expected success string but found Failure [-6],Camera Connect & USB Host ON >> PASS,INN_v12.G8V_DE.110.20240412_user,android-cts-12_r11-linux_x86-arm / 11399545,2024-03-01,1.10.7,armeabi-v7a
2024-05-02,CtsAppTestCases,android.app.cts.SystemFeaturesTest#testCameraFeatures,pass,java.lang.AssertionError: PackageManager#hasSystemFeature should NOT return true for android.hardware.camera.any,Camera Connect & USB Host ON >> PASS,INN_v12.G8V_DE.110.20240412_user,android-cts-12_r11-linux_x86-arm / 11399545,2024-03-01,1.10.7,armeabi-v7a
2024-05-02,CtsAppTestCases[instant],android.app.cts.SystemFeaturesTest#testCameraFeatures,pass,java.lang.AssertionError: PackageManager#hasSystemFeature should NOT return true for android.hardware.camera.any,Camera Connect & USB Host ON >> PASS,INN_v12.G8V_DE.110.20240412_user,android-cts-12_r11-linux_x86-arm / 11399545,2024-03-01,1.10.7,armeabi-v7a
2024-05-02,CtsCameraTestCases,android.hardware.camera2.cts.CameraManagerTest#testCameraManagerGetDeviceIdList[1],pass,junit.framework.AssertionFailedError: External camera is not connected on device with FEATURE_CAMERA_EXTERNAL,Camera Connect & USB Host ON >> PASS,INN_v12.G8V_DE.110.20240412_user,android-cts-12_r11-linux_x86-arm / 11399545,2024-03-01,1.10.7,armeabi-v7a
2024-05-02,CtsCameraTestCases,android.hardware.cts.CameraTest#testCameraExternalConnected,pass,junit.framework.AssertionFailedError: Devices with external camera support must have a camera connected for testing,Camera Connect & USB Host ON >> PASS,INN_v12.G8V_DE.110.20240412_user,android-cts-12_r11-linux_x86-arm / 11399545,2024-03-01,1.10.7,armeabi-v7a
2024-05-02,CtsCameraTestCases[instant],android.hardware.camera2.cts.CameraManagerTest#testCameraManagerGetDeviceIdList[1],pass,junit.framework.AssertionFailedError: External camera is not connected on device with FEATURE_CAMERA_EXTERNAL,Camera Connect & USB Host ON >> PASS,INN_v12.G8V_DE.110.20240412_user,android-cts-12_r11-linux_x86-arm / 11399545,2024-03-01,1.10.7,armeabi-v7a
2024-05-02,CtsCameraTestCases[instant],android.hardware.cts.CameraTest#testCameraExternalConnected,pass,junit.framework.AssertionFailedError: Devices with external camera support must have a camera connected for testing,Camera Connect & USB Host ON >> PASS,INN_v12.G8V_DE.110.20240412_user,android-cts-12_r11-linux_x86-arm / 11399545,2024-03-01,1.10.7,armeabi-v7a
2024-05-02,CtsGraphicsTestCases,android.graphics.fonts.SystemEmojiTest#uniquePostScript,pass,java.io.IOException: name table not found.,,INN_v12.G8V_DE.110.20240412_user,android-cts-12_r11-linux_x86-arm / 11399545,2024-03-01,1.10.7,armeabi-v7a
2024-05-02,CtsGraphicsTestCases[instant],android.graphics.fonts.SystemEmojiTest#uniquePostScript,pass,java.io.IOException: name table not found.,,INN_v12.G8V_DE.110.20240412_user,android-cts-12_r11-linux_x86-arm / 11399545,2024-03-01,1.10.7,armeabi-v7a
2024-05-02,CtsIncidentHostTestCases[instant],com.android.server.cts.ErrorsTest#testANR,pass,java.lang.AssertionError: On-device tests failed:,Factory Reset => PASS,INN_v12.G8V_DE.110.20240412_user,android-cts-12_r11-linux_x86-arm / 11399545,2024-03-01,1.10.7,armeabi-v7a
2024-05-02,CtsNetTestCases,android.net.cts.DnsTest#testDnsWorks,pass,"junit.framework.AssertionFailedError: Default network did not provide IPv6 connectivity after 5000ms. Please connect to an IPv6-capable network. lp={InterfaceName: wlan0 LinkAddresses: [ fe80::a1c7:8475:92ef:f24/64,10.10.0.112/24 ] DnsAddresses: [ /210.220.163.82,/219.250.36.130 ] Domains: null MTU: 0 ServerAddress: /10.10.0.1 TcpBufferSizes: 524288,1048576,2097152,262144,524288,1048576 Routes: [ fe80::/64 -&gt; :: wlan0 mtu 0,10.10.0.0/24 -&gt; 0.0.0.0 wlan0 mtu 0,0.0.0.0/0 -&gt; 10.10.0.1 wlan0 mtu 0 ]}",iphone hotspot connect to STB & USB connect laptop => PASS,INN_v12.G8V_DE.110.20240412_user,android-cts-12_r11-linux_x86-arm / 11399545,2024-03-01,1.10.7,armeabi-v7a
2024-05-02,CtsNetTestCases[instant],android.net.cts.DnsTest#testDnsWorks,pass,"junit.framework.AssertionFailedError: Default network did not provide IPv6 connectivity after 5000ms. Please connect to an IPv6-capable network. lp={InterfaceName: wlan0 LinkAddresses: [ fe80::a1c7:8475:92ef:f24/64,10.10.0.112/24 ] DnsAddresses: [ /210.220.163.82,/219.250.36.130 ] Domains: null MTU: 0 ServerAddress: /10.10.0.1 TcpBufferSizes: 524288,1048576,2097152,262144,524288,1048576 Routes: [ fe80::/64 -&gt; :: wlan0 mtu 0,10.10.0.0/24 -&gt; 0.0.0.0 wlan0 mtu 0,0.0.0.0/0 -&gt; 10.10.0.1 wlan0 mtu 0 ]}",iphone hotspot connect to STB & USB connect laptop => PASS,INN_v12.G8V_DE.110.20240412_user,android-cts-12_r11-linux_x86-arm / 11399545,2024-03-01,1.10.7,armeabi-v7a
2024-05-02,CtsUsageStatsTestCases,"android.app.usage.cts.UsageStatsTest#testPackageUsageStatsIntervals	
",pass,java.lang.AssertionError: Expected 120582095 to be less than 86400000,Factory Reset => PASS,INN_v12.G8V_DE.110.20240412_user,android-cts-12_r11-linux_x86-arm / 11399545,2024-03-01,1.10.7,armeabi-v7a
2024-05-02,CtsHdmiCecHostTestCases,android.hdmicec.cts.common.HdmiCecSystemStandbyTest#cect_HandleBroadcastStandby,pass,value of: trim(),FactoryReset + TV 설정에서 CEC ON &  자동꺼짐 해제/설정 => PASS,INN_v12.G8V_DE.110.20240412_user,android-cts-12_r11-linux_x86-arm / 11399545,2024-03-01,1.10.7,armeabi-v7a
2024-05-02,CtsHdmiCecHostTestCases,android.hdmicec.cts.common.HdmiCecSystemStandbyTest#cect_HandleAddressedStandby,pass,value of: trim(),,INN_v12.G8V_DE.110.20240412_user,android-cts-12_r11-linux_x86-arm / 11399545,2024-03-01,1.10.7,armeabi-v7a
2024-04-16,CtsMediaTestCases,android.media.cts.MediaCodecTest#testVendorParameters,pass,java.lang.RuntimeException: codec name: OMX.Berlin.video_decoder.dolby-vision,"3월12일 Git log : c64f230acd7 으로 빌드
- sign-user image 로 test 진행 => FAIL  
- 다른 돌비비전되는 TV로 테스트해볼 예정 => FAIL
- dolbyvision이 disabled 된 chipset으로 추후 enabled된 chipset으로 재 시험 필요(팀장님)
- AA QG1 보드(dolbyvision enabled된 chipset)로 같은 sign-user image로 test 진행 => SUCCESS
- QG2 (dolby vision enabled ) => ",INN_v12.G8V_DE.110.20240412_user,android-cts-12_r11-linux_x86-arm / 11399545,2024-03-01,1.10.7,armeabi-v7a
2024-04-16,CtsSecurityTestCases,android.security.cts.PackageSignatureTest#testPackageSignatures,pass,"junit.framework.AssertionFailedError: These packages should not be signed with a well known key: [android.app.appops.cts.appwithreceiverattribution, android.app.appops.cts.apptocollect, android.hdmicec.app]",,INN_v12.G8V_DE.110.20240412_user,android-cts-12_r11-linux_x86-arm / 11399545,2024-03-01,1.10.7,armeabi-v7a
2024-04-16,CtsSystemUiTestCases,android.systemui.cts.tv.BasicPipTests#pipApp_remainsOpen_afterScreensaver,pass,java.lang.RuntimeException: Caught exception,"어댑터 인식못하는 현상
=> test laptop reboot",INN_v12.G8V_DE.110.20240412_user,android-cts-12_r11-linux_x86-arm / 11399545,2024-03-01,1.10.7,armeabi-v7a
2024-03-19,CtsHdmiCecHostTestCases,android.hdmicec.cts.common.HdmiCecSystemStandbyTest#cect_HandleBroadcastStandby,pass,value of: trim(),"android.hdmicec.cts.common.HdmiCecSystemStandbyTest#cect_HandleBroadcastStandby FAILURE: value of: trim()
expected: mWakefulness=Asleep
but was : mWakefulness=Awake
>> cec adapter 인식 못하는 경우 factory reset 후 재실행
>> TV 장치에서 cec On , 자동꺼짐 On 후 테스트 >> PASS",INN_v12.G8V_DE.110.20240313_user,android-cts-12_r11-linux_x86 / 11399545,2024-03-01,1.10.6,armeabi-v7a
2024-03-13,CtsMediaTestCases,android.media.cts.MediaCodecTest#testVendorParameters,pass,java.lang.RuntimeException: codec name: OMX.Berlin.video_decoder.dolby-vision,"3월12일 Git log : c64f230acd7 으로 빌드
- sign-user image 로 test 진행 => FAIL  
- 다른 돌비비전되는 TV로 테스트해볼 예정 => FAIL
- dolbyvision이 disabled 된 chipset으로 추후 enabled된 chipset으로 재 시험 필요(팀장님)
- AA QG1 보드(dolbyvision enabled된 chipset)로 같은 sign-user image로 test 진행 => SUCCESS",INN_v12.G8V_DE.110.20240313_user,android-cts-12_r11-linux_x86 / 11399545,2024-03-01,1.10.6,armeabi-v7a
2024-03-13,CtsMediaTestCases,android.media.cts.MediaDrmTest#testRequiresSecureDecoder,pass,android.media.MediaDrm$MediaDrmStateException: Failed to open session: ERROR_DRM_SESSION_NOT_OPENED,"3월12일 Git log : c64f230acd7 으로 빌드
sign-user image 로 test 진행 => PASS",INN_v12.G8V_DE.110.20240313_user,android-cts-12_r11-linux_x86 / 11399545,2024-03-01,1.10.6,armeabi-v7a
2024-03-13,CtsMediaTestCases,android.media.cts.MediaDrmTest#testPlaybackComponent,pass,android.media.MediaDrm$MediaDrmStateException: Failed to open session: ERROR_DRM_SESSION_NOT_OPENED,"3월12일 Git log : c64f230acd7 으로 빌드
sign-user image 로 test 진행 => PASS",INN_v12.G8V_DE.110.20240313_user,android-cts-12_r11-linux_x86 / 11399545,2024-03-01,1.10.6,armeabi-v7a
2024-03-13,CtsMediaTestCases,android.media.cts.MediaDrmTest#testGetLogMessages,pass,android.media.MediaDrm$MediaDrmStateException: Failed to open session: ERROR_DRM_SESSION_NOT_OPENED,"3월12일 Git log : c64f230acd7 으로 빌드
sign-user image 로 test 진행 => PASS",INN_v12.G8V_DE.110.20240313_user,android-cts-12_r11-linux_x86 / 11399545,2024-03-01,1.10.6,armeabi-v7a
2024-03-13,CtsMediaTestCases[instant],android.media.cts.MediaDrmTest#testRequiresSecureDecoder,pass,android.media.MediaDrm$MediaDrmStateException: Failed to open session: ERROR_DRM_SESSION_NOT_OPENED,"3월12일 Git log : c64f230acd7 으로 빌드
sign-user image 로 test 진행 => PASS",INN_v12.G8V_DE.110.20240313_user,android-cts-12_r11-linux_x86 / 11399545,2024-03-01,1.10.6,armeabi-v7a
2024-03-13,CtsMediaTestCases[instant],android.media.cts.MediaDrmTest#testPlaybackComponent,pass,android.media.MediaDrm$MediaDrmStateException: Failed to open session: ERROR_DRM_SESSION_NOT_OPENED,"3월12일 Git log : c64f230acd7 으로 빌드
sign-user image 로 test 진행 => PASS",INN_v12.G8V_DE.110.20240313_user,android-cts-12_r11-linux_x86 / 11399545,2024-03-01,1.10.6,armeabi-v7a
2024-03-13,CtsMediaTestCases[instant],android.media.cts.MediaDrmTest#testGetLogMessages,pass,android.media.MediaDrm$MediaDrmStateException: Failed to open session: ERROR_DRM_SESSION_NOT_OPENED,"3월12일 Git log : c64f230acd7 으로 빌드
sign-user image 로 test 진행 => PASS",INN_v12.G8V_DE.110.20240313_user,android-cts-12_r11-linux_x86 / 11399545,2024-03-01,1.10.6,armeabi-v7a
2024-03-13,CtsHdmiCecHostTestCases,android.hdmicec.cts.common.HdmiCecSystemStandbyTest#cect_HandleAddressedStandby,pass,value of: trim(),,INN_v12.G8V_DE.110.20240313_user,android-cts-12_r11-linux_x86 / 11399545,2024-03-01,1.10.6,armeabi-v7a
2024-03-13,CtsHdmiCecHostTestCases,android.hdmicec.cts.playback.HdmiCecTvPowerToggleTest#cectTvPowerToggleTest_asleep_tvOn,pass,java.lang.Exception: Could not find message STANDBY,,INN_v12.G8V_DE.110.20240313_user,android-cts-12_r11-linux_x86 / 11399545,2024-03-01,1.10.6,armeabi-v7a
2024-03-08,CtsHdmiCecHostTestCases,android.hdmicec.cts.playback.HdmiCecDeviceOsdNameTest#cect_11_2_11_1a_GiveOsdNameTest,pass,java.lang.Exception: Could not find message SET_OSD_NAME,"- android/frameworks/base/services/core/java/com/android/server/hdmi/HdmiControlService.java
=> displayName 부분 수정 (line 1375)
=> String displayName = SystemProperties.get(""ro.product.name"").equals(""IMTM840A"") ? ""MagentaTV Stick"" : ""MagentaTV One"";

- android/vendor/synaptics/vsxxx/cec/1.1/impl/hdmi_cec_msg.c
=> osd name 수정부분 비활성화 (line 380) ",INN_v12.G8V_DE.110.20240313_user,android-cts-12_r11-linux_x86 / 11399545,2024-03-01,1.10.6,armeabi-v7a
2024-03-08,CtsHdmiCecHostTestCases,android.hdmicec.cts.playback.HdmiCecDeviceOsdNameTest#cect_11_2_11_1b_UpdateAndGiveOsdNameTest,pass,java.lang.Exception: Could not find message SET_OSD_NAME,"- android/frameworks/base/services/core/java/com/android/server/hdmi/HdmiControlService.java
=> displayName 부분 수정 (line 1375)
=> String displayName = SystemProperties.get(""ro.product.name"").equals(""IMTM840A"") ? ""MagentaTV Stick"" : ""MagentaTV One"";

- android/vendor/synaptics/vsxxx/cec/1.1/impl/hdmi_cec_msg.c
=> osd name 수정부분 비활성화 (line 380) ",INN_v12.G8V_DE.110.20240313_user,android-cts-12_r11-linux_x86 / 11399545,2024-03-01,1.10.6,armeabi-v7a
2024-03-07,CtsGraphicsTestCases,android.graphics.fonts.SystemEmojiTest#uniquePostScript,pass,java.io.IOException: name table not found.,"assertThat(FontFileTestUtil.containsEmojiCompatMetadata(emojiFont)).isTrue(); 이 부분 최신버전에는 제거 되어있음.
factory reset 후 test => PASS",INN_v12.G8V_DE.110.20240313_user,android-cts-12_r11-linux_x86 / 11399545,2024-03-01,1.10.6,armeabi-v7a
2024-03-07,CtsGraphicsTestCases[instant],android.graphics.fonts.SystemEmojiTest#uniquePostScript,pass,java.io.IOException: name table not found.,factory reset 후 test => PASS,INN_v12.G8V_DE.110.20240313_user,android-cts-12_r11-linux_x86 / 11399545,2024-03-01,1.10.6,armeabi-v7a
2024-03-07,CtsMediaTestCases[instant],android.media.cts.MediaCodecTest#testVendorParameters,pass,java.lang.RuntimeException: codec name: OMX.Berlin.video_decoder.dolby-vision,"3월12일 Git log : c64f230acd7 으로 빌드
sign-user image 로 test 진행 => PASS",INN_v12.G8V_DE.110.20240313_user,android-cts-12_r11-linux_x86 / 11399545,2024-03-01,1.10.6,armeabi-v7a
2024-03-07,CtsSecurityTestCases,android.security.cts.PackageSignatureTest#testPackageSignatures,pass,"junit.framework.AssertionFailedError: These packages should not be signed with a well known key: [android.app.appops.cts.appwithreceiverattribution, android.hdmicec.app]",factory reset 후 해당 테스만 따로 진행 =>PASS,INN_v12.G8V_DE.110.20240313_user,android-cts-12_r11-linux_x86 / 11399545,2024-03-01,1.10.6,armeabi-v7a
2024-03-07,CtsWindowManagerDeviceTestCases,android.server.wm.DreamManagerServiceTests#testStartAndStopDream,pass,org.junit.ComparisonFailure: Dream activity should be the top resumed activity expected:&lt;[android.server.wm.app/android.service.dreams.Dream]Activity&gt; but was:&lt;[com.google.android.tvlauncher/.BootHelperEmpty]Activity&gt;,"3월12일 Git log : c64f230acd7 으로 빌드
sign-user image 로 test 진행 => PASS",INN_v12.G8V_DE.110.20240313_user,android-cts-12_r11-linux_x86 / 11399545,2024-03-01,1.10.6,armeabi-v7a
2024-03-06,CtsNetTestCases,android.net.cts.DnsTest#testDnsWorks,pass,"junit.framework.AssertionFailedError: Default network did not provide IPv6 connectivity after 5000ms. Please connect to an IPv6-capable network. lp={InterfaceName: wlan0 LinkAddresses: [ fe80::dceb:bc65:7613:6167/64,192.168.35.88/24 ] DnsAddresses: [ /210.220.163.82,/219.250.36.130 ] Domains: null MTU: 0 ServerAddress: /192.168.35.1 TcpBufferSizes: 524288,1048576,2097152,262144,524288,1048576 Routes: [ fe80::/64 -&gt; :: wlan0 mtu 0,192.168.35.0/24 -&gt; 0.0.0.0 wlan0 mtu 0,0.0.0.0/0 -&gt; 192.168.35.1 wlan0 mtu 0 ]}","iphone hotspot 으로 테더링후 진행
IPv6 로 연결 후 테스트 => PASS",INN_v12.G8V_DE.110.20240313_user,android-cts-12_r11-linux_x86 / 11399545,2024-03-01,1.10.6,armeabi-v7a
2024-03-06,CtsNetTestCases[instant],android.net.cts.DnsTest#testDnsWorks,pass,,"iphone hotspot 으로 테더링후 진행
IPv6 로 연결 후 테스트 => PASS",INN_v12.G8V_DE.110.20240313_user,android-cts-12_r11-linux_x86 / 11399545,2024-03-01,1.10.6,armeabi-v7a
2025-04-04,CtsHdmiCecHostTestCases,ndroid.hdmicec.cts.common.HdmiCecStartupTest#cectVerifyStartupMessages_Cec14b,pass,"Unexpected messages sent by the device
expected to be empty
but was: [0d, 8e, 9d]  | but was: [0d, 8e]
        at android.hdmicec.cts.common.HdmiCecStartupTest.cectVerifyStartupMessages_Cec14b(HdmiCecStartupTest.java:99)",retry  >> fw change >> patch >> pass ,v12.G8V_DE.133_20250402,android-cts-12_r15-linux_x86 /13036107,,,armeabi-v7a
2025-04-04,CtsHdmiCecHostTestCases,android.hdmicec.cts.common.HdmiCecSystemStandbyTest#cect_HandleBroadcastStandby,pass,value of: trim(),,v12.G8V_DE.133_20250402,android-cts-12_r15-linux_x86 /13036107,,,armeabi-v7a
2025-04-04,CtsHdmiCecHostTestCases,android.hdmicec.cts.common.HdmiCecSystemStandbyTest#cect_HandleAddressedStandby,pass,value of: trim(),,v12.G8V_DE.133_20250402,android-cts-12_r15-linux_x86 /13036107,,,armeabi-v7a
2025-04-04,CtsHdmiCecHostTestCases,android.hdmicec.cts.playback.HdmiCecDeviceOsdNameTest#cect_11_2_11_1a_GiveOsdNameTest,pass,expected: MagentaTVStic,osd name (device name ) 바꾸다보면 됨,v12.G8V_DE.133_20250402,android-cts-12_r15-linux_x86 /13036107,,,armeabi-v7a
2025-04-21,CtsGraphicsTestCases,android.graphics.cts.SetFrameRateTest#testInvalidParams,fail,java.lang.AssertionError: Expected an IllegalArgumentException from invalid call to Surface.setFrameRate(),FrameRateCtsActivity.java,v12.G8V_DE.133_20250418,android-cts-12_r15-linux_x86-arm,2024-04-01,,armeabi-v7a
2025-04-21,CtsGraphicsTestCases[instant],android.graphics.cts.SetFrameRateTest#testInvalidParams,fail,java.lang.AssertionError: Expected an IllegalArgumentException from invalid call to Surface.setFrameRate(),,v12.G8V_DE.133_20250418,android-cts-12_r15-linux_x86-arm,2024-04-01,,armeabi-v7a
2025-04-21,CtsHdmiCecHostTestCases,android.hdmicec.cts.common.HdmiCecPowerStatusTest#cect_hf4_6_10_userControlPressed_powerOff,pass,Device should go to standby on &lt;User Control Pressed&gt; 107,"retry, awake off >> pass",v12.G8V_DE.133_20250418,android-cts-12_r15-linux_x86-arm,2024-04-01,,armeabi-v7a
2025-04-21,CtsHdmiCecHostTestCases,android.hdmicec.cts.common.HdmiCecStartupTest#cectVerifyStartupMessages_Cec14b,pass,Unexpected messages sent by the device,cec patch >> cec export option all off >> PASS,v12.G8V_DE.133_20250418,android-cts-12_r15-linux_x86-arm,2024-04-01,,armeabi-v7a
2025-04-21,CtsHdmiCecHostTestCases,android.hdmicec.cts.common.HdmiCecSystemStandbyTest#cect_HandleBroadcastStandby,pass,value of: trim(),"retry , awake off >> pass",v12.G8V_DE.133_20250418,android-cts-12_r15-linux_x86-arm,2024-04-01,,armeabi-v7a
2025-04-21,CtsHdmiCecHostTestCases,android.hdmicec.cts.common.HdmiCecSystemStandbyTest#cect_HandleAddressedStandby,pass,value of: trim(),"retry , awake off >> pass",v12.G8V_DE.133_20250418,android-cts-12_r15-linux_x86-arm,2024-04-01,,armeabi-v7a
2025-04-21,CtsHdmiCecHostTestCases,android.hdmicec.cts.playback.HdmiCecDeviceOsdNameTest#cect_11_2_11_1a_GiveOsdNameTest,pass,expected: magenta test 2,osd name MagentaTV >> PASS,v12.G8V_DE.133_20250418,android-cts-12_r15-linux_x86-arm,2024-04-01,,armeabi-v7a
2025-04-21,CtsMediaTestCases,android.media.cts.AudioTrackSurroundTest#testPlayIEC61937_48000,pass,"junit.framework.AssertionFailedError: expect many timestamps, got 0",hdmi direct conn TV >> PASS ,v12.G8V_DE.133_20250418,android-cts-12_r15-linux_x86-arm,2024-04-01,,armeabi-v7a
2025-04-21,CtsMediaTestCases,android.media.cts.AudioTrackSurroundTest#testPlayIEC61937_32000,pass,"junit.framework.AssertionFailedError: expect many timestamps, got 0",hdmi direct conn TV >> PASS ,v12.G8V_DE.133_20250418,android-cts-12_r15-linux_x86-arm,2024-04-01,,armeabi-v7a
2025-04-21,CtsMediaTestCases,android.media.cts.AudioTrackSurroundTest#testPlayIEC61937_44100,pass,"junit.framework.AssertionFailedError: expect many timestamps, got 0",hdmi direct conn TV >> PASS ,v12.G8V_DE.133_20250418,android-cts-12_r15-linux_x86-arm,2024-04-01,,armeabi-v7a
2025-04-23,CtsHdmiCecHostTestCases,ndroid.hdmicec.cts.common.HdmiCecStartupTest#cectVerifyStartupMessages_Cec14b,fail,"cts-console > run retry --retry 74
Command submitted.
04-23 01:59:45 PDT I/AtsSessionPlugin: Command [2] scheduled, args=[retry --retry 74] {olc_session_id=35fdeed6, olc_client_id=ats-console-b94b3703}
04-23 01:59:45 PDT I/AtsSessionPlugin: Command [2] started, args=[retry --retry 74] {olc_session_id=35fdeed6, olc_client_id=ats-console-b94b3703}
04-23 01:59:45 PDT I/TestSuiteHelper: abi 'armeabi' is supported by device but not by this suite build ([arm64-v8a, armeabi-v7a]), tests will not run against it. {olc_session_id=35fdeed6, olc_client_id=ats-console-b94b3703}
04-23 01:59:45 PDT I/AtsSessionPlugin: Failed to create non-tradefed jobs for session [35fdeed6-3c43-477a-a06d-fdfc9f3e4b12] due to skippable exception: [Previous session doesn't have non-tradefed module]. {olc_session_id=35fdeed6, olc_client_id=ats-console-b94b3703}
04-23 01:59:45 PDT I/AtsSessionPlugin: Command [2]'s invocations [ab4ac987-2b9b-407f-b2ba-0e8ebc160ce3] are waiting for devices. {olc_session_id=35fdeed6, olc_client_id=ats-console-b94b3703}
04-23 02:00:02 PDT I/AtsSessionPlugin: Command [2]'s invocation [ab4ac987-2b9b-407f-b2ba-0e8ebc160ce3] allocated devices [92210000002S50000022]. {olc_session_id=35fdeed6, olc_client_id=ats-console-b94b3703}
04-23 02:00:03 PDT I/XtsDeviceCompatibilityChecker: Validating device build fingerprint for test xts-tradefed-test-retry {olc_session_id=35fdeed6, olc_client_id=ats-console-b94b3703}
04-23 02:00:03 PDT I/SubscriberExceptionLoggingHandler: Plugin [XtsDeviceCompatibilityChecker] wants to skip test and set test to [SKIP] by [com.google.devtools.mobileharness.api.testrunner.plugin.SkipTestException: Device 92210000002S50000022 build fingerprint [MagentaTV/IMTM840A/IMTM840A:12/SC/133_cts:user/release-keys] must match the one in the retried session [MagentaTV/IMTM840A/IMTM840A:12/SC/133:user/release-keys]. Skipping test [xts-tradefed-test-retry], test_result=SKIP, error_id=[MH|CUSTOMER_ISSUE|XTS_DEVICE_COMPAT_CHECKER_DEVICE_BUILD_NOT_MATCH_RETRY_PREV_SESSION|135521]] {olc_session_id=35fdeed6, olc_client_id=ats-console-b94b3703}
04-23 02:00:03 PDT I/TestCommandHistorySaver: Saving test command history... {olc_session_id=35fdeed6, olc_client_id=ats-console-b94b3703}
04-23 02:00:03 PDT I/AtsSessionPlugin: Command [2]'s invocations completed. {olc_session_id=35fdeed6, olc_client_id=ats-console-b94b3703}
04-23 02:00:03 PDT I/AtsSessionPlugin: Test [ab4ac987-2b9b-407f-b2ba-0e8ebc160ce3/xts-tradefed-test-retry] was skipped with reason [Plugins try to skip the test running and mark the test as SKIP because of critical reason: Plugin [XtsDeviceCompatibilityChecker] throws [com.google.devtools.mobileharness.api.testrunner.plugin.SkipTestException: Device 92210000002S50000022 build fingerprint [MagentaTV/IMTM840A/IMTM840A:12/SC/133_cts:user/release-keys] must match the one in the retried session [MagentaTV/IMTM840A/IMTM840A:12/SC/133:user/release-keys]. Skipping test [xts-tradefed-test-retry], test_result=SKIP, error_id=[MH|CUSTOMER_ISSUE|XTS_DEVICE_COMPAT_CHECKER_DEVICE_BUILD_NOT_MATCH_RETRY_PREV_SESSION|135521]] [MH|CUSTOMER_ISSUE|XTS_DEVICE_COMPAT_CHECKER_DEVICE_BUILD_NOT_MATCH_RETRY_PREV_SESSION|135521]] {olc_session_id=35fdeed6, olc_client_id=ats-console-b94b3703}
04-23 02:00:05 PDT I/RunCommandHandler: Command [2] is done and start to handle result which may take several minutes based on the session scale. {olc_session_id=35fdeed6, olc_client_id=ats-console-b94b3703}
run_command session_id: [35fdeed6-3c43-477a-a06d-fdfc9f3e4b12], command_id: [2], result: COMPLETED.
command_line_args: retry --retry 74

============================================
================= Results ==================
=============== Consumed Time ==============
    armeabi-v7a CtsMediaStressTestCases: 2h 28m 49s
    armeabi-v7a CtsAppSecurityHostTestCases: 1h 56m 4s
    armeabi-v7a CtsMediaBitstreamsTestCases: 1h 33m 42s
    armeabi-v7a CtsAutoFillServiceTestCases: 1h 3m 11s
    armeabi-v7a CtsMediaTestCases[instant]: 46m 57s",이 로그는 kernel version이 달라서 테스트 진행을 못하는 것임,v12.G8V_DE.133_20250422,android-cts-12_r15-linux_x86-arm,2024-04-01,,armeabi-v7a
2025-04-23,CtsHdmiCecHostTestCases,android.hdmicec.cts.playback.HdmiCecDeviceOsdNameTest#cect_11_2_11_1a_GiveOsdNameTest,fail,expected: MagentaTVStic,osd name (device name ) 바꾸다보면 됨,v12.G8V_DE.133_20250422,android-cts-12_r15-linux_x86-arm,2024-04-01,,armeabi-v7a